created_at,entry_id,field1,field2,field3,field4,field5,field6,field7,latitude,longitude,elevation,status
2024-05-05 09:02:17+05:30,4102,239,35.0,33.8,73.0,400.0,0.0,50.0,,,,
2024-05-05 09:02:58+05:30,4103,226,34.0,34.2,72.0,607.0,31.0,50.0,,,,
2024-05-05 09:04:21+05:30,4104,220,34.0,34.7,70.0,444.0,6.0,49.0,,,,
2024-05-05 09:05:02+05:30,4105,206,32.0,35.2,69.0,420.0,3.0,48.0,,,,
2024-05-05 09:06:23+05:30,4106,199,35.0,35.6,67.0,403.0,0.0,47.0,,,,
2024-05-05 09:07:05+05:30,4107,201,37.0,36.3,66.0,710.0,47.0,50.0,,,,
2024-05-05 09:08:26+05:30,4108,201,37.0,36.3,65.0,795.0,60.0,52.0,,,,
2024-05-05 09:09:08+05:30,4109,202,37.0,35.2,65.0,772.0,56.0,56.0,,,,
2024-05-05 09:10:30+05:30,4110,200,37.0,34.7,67.0,699.0,45.0,56.0,,,,
2024-05-05 09:11:11+05:30,4111,197,36.0,34.7,68.0,588.0,28.0,56.0,,,,
2024-05-05 09:12:33+05:30,4112,192,36.0,34.2,69.0,591.0,29.0,57.0,,,,
2024-05-05 09:13:14+05:30,4113,190,36.0,34.2,69.0,572.0,26.0,57.0,,,,
2024-05-05 09:13:57+05:30,4114,187,36.0,34.2,69.0,523.0,18.0,56.0,,,,
2024-05-05 09:15:18+05:30,4115,182,36.0,34.2,69.0,483.0,12.0,56.0,,,,
2024-05-05 09:16:00+05:30,4116,180,35.0,34.2,69.0,496.0,14.0,55.0,,,,
2024-05-05 09:17:21+05:30,4117,179,35.0,33.8,68.0,565.0,25.0,55.0,,,,
2024-05-05 09:18:03+05:30,4118,179,35.0,33.8,69.0,597.0,30.0,55.0,,,,
2024-05-05 09:19:25+05:30,4119,180,36.0,33.8,69.0,629.0,34.0,55.0,,,,
2024-05-05 09:20:07+05:30,4120,180,35.0,34.2,68.0,578.0,27.0,54.0,,,,
2024-05-05 09:21:29+05:30,4121,179,36.0,34.2,68.0,515.0,17.0,55.0,,,,
2024-05-05 09:22:11+05:30,4122,178,35.0,34.2,68.0,650.0,38.0,54.0,,,,
2024-05-05 09:23:33+05:30,4123,181,35.0,34.2,68.0,602.0,30.0,55.0,,,,
2024-05-05 09:24:15+05:30,4124,181,35.0,34.2,68.0,596.0,29.0,55.0,,,,
2024-05-05 09:24:57+05:30,4125,180,35.0,34.2,68.0,620.0,33.0,54.0,,,,
2024-05-05 09:26:18+05:30,4126,181,35.0,34.2,68.0,602.0,30.0,54.0,,,,
2024-05-05 09:27:00+05:30,4127,180,35.0,34.2,68.0,472.0,10.0,54.0,,,,
2024-05-05 09:28:21+05:30,4128,179,35.0,34.2,68.0,546.0,22.0,53.0,,,,
2024-05-05 09:29:03+05:30,4129,179,35.0,34.2,68.0,564.0,24.0,52.0,,,,
2024-05-05 09:30:25+05:30,4130,178,35.0,34.2,67.0,536.0,20.0,52.0,,,,
2024-05-05 09:31:06+05:30,4131,177,35.0,34.2,67.0,506.0,16.0,51.0,,,,
2024-05-05 09:32:28+05:30,4132,176,35.0,34.2,66.0,683.0,43.0,51.0,,,,
2024-05-05 09:33:10+05:30,4133,182,35.0,34.2,66.0,683.0,43.0,51.0,,,,
2024-05-05 09:34:32+05:30,4134,189,35.0,34.2,66.0,742.0,52.0,51.0,,,,
2024-05-05 09:35:14+05:30,4135,188,36.0,34.2,66.0,897.0,75.0,53.0,,,,
2024-05-05 09:35:56+05:30,4136,194,36.0,34.2,66.0,1017.0,93.0,52.0,,,,
2024-05-05 09:37:18+05:30,4137,202,36.0,34.7,66.0,1207.0,122.0,52.0,,,,
2024-05-05 09:38:00+05:30,4138,204,37.0,34.7,66.0,1191.0,120.0,52.0,,,,
2024-05-05 09:39:23+05:30,4139,206,37.0,34.7,66.0,1181.0,118.0,52.0,,,,
2024-05-05 09:40:05+05:30,4140,205,37.0,34.7,66.0,1004.0,92.0,52.0,,,,
2024-05-05 09:41:27+05:30,4141,200,36.0,34.7,66.0,975.0,87.0,52.0,,,,
2024-05-05 09:42:09+05:30,4142,200,36.0,34.7,66.0,954.0,84.0,51.0,,,,
2024-05-05 09:43:31+05:30,4143,202,36.0,34.7,66.0,1086.0,104.0,51.0,,,,
2024-05-05 09:44:14+05:30,4144,203,37.0,34.7,66.0,1316.0,139.0,51.0,,,,
2024-05-05 09:45:36+05:30,4145,220,37.0,34.7,66.0,1703.0,341.0,51.0,,,,
2024-05-05 09:46:17+05:30,4146,236,38.0,34.7,66.0,1660.0,298.0,52.0,,,,
2024-05-05 09:47:00+05:30,4147,244,39.0,34.7,66.0,1730.0,367.0,52.0,,,,
2024-05-05 09:48:22+05:30,4148,242,39.0,35.2,65.0,1641.0,282.0,50.0,,,,
2024-05-05 09:49:04+05:30,4149,238,38.0,35.2,65.0,1729.0,366.0,49.0,,,,
2024-05-05 09:50:26+05:30,4150,245,39.0,35.2,65.0,1775.0,420.0,50.0,,,,
2024-05-05 09:51:07+05:30,4151,252,39.0,35.6,65.0,1814.0,467.0,51.0,,,,
2024-05-05 09:52:29+05:30,4152,261,40.0,35.6,65.0,1766.0,410.0,51.0,,,,
2024-05-05 09:53:11+05:30,4153,255,40.0,35.6,65.0,1754.0,395.0,49.0,,,,
2024-05-05 09:54:32+05:30,4154,259,40.0,36.3,65.0,1790.0,439.0,50.0,,,,
2024-05-05 09:55:14+05:30,4155,262,40.0,36.3,65.0,1836.0,497.0,49.0,,,,
2024-05-05 09:56:36+05:30,4156,263,40.0,36.3,65.0,1919.0,614.0,49.0,,,,
2024-05-05 09:57:18+05:30,4157,270,41.0,36.3,65.0,1836.0,497.0,49.0,,,,
2024-05-05 09:58:00+05:30,4158,279,41.0,36.3,65.0,1972.0,698.0,50.0,,,,
2024-05-05 09:59:22+05:30,4159,285,42.0,36.3,65.0,1928.0,626.0,49.0,,,,
2024-05-05 10:00:03+05:30,4160,277,41.0,36.3,64.0,1913.0,603.0,50.0,,,,
2024-05-05 10:01:25+05:30,4161,272,41.0,36.3,64.0,1949.0,661.0,50.0,,,,
2024-05-05 10:02:07+05:30,4162,274,41.0,36.3,64.0,1875.0,548.0,49.0,,,,
2024-05-05 10:03:28+05:30,4163,266,40.0,36.3,64.0,1875.0,548.0,48.0,,,,
2024-05-05 10:04:11+05:30,4164,268,40.0,36.3,64.0,1833.0,493.0,50.0,,,,
2024-05-05 10:05:32+05:30,4165,265,40.0,36.3,65.0,1825.0,481.0,50.0,,,,
2024-05-05 10:06:14+05:30,4166,267,40.0,36.3,65.0,1961.0,680.0,48.0,,,,
2024-05-05 10:07:38+05:30,4167,278,41.0,36.3,65.0,1968.0,692.0,48.0,,,,
2024-05-05 10:08:22+05:30,4168,281,41.0,36.3,65.0,1977.0,707.0,49.0,,,,
2024-05-05 10:09:05+05:30,4169,281,41.0,36.3,65.0,1893.0,575.0,48.0,,,,
2024-05-05 10:10:28+05:30,4170,267,40.0,36.3,64.0,1759.0,402.0,49.0,,,,
2024-05-05 10:11:13+05:30,4171,257,39.0,36.3,64.0,1692.0,331.0,47.0,,,,
2024-05-05 10:12:35+05:30,4172,256,39.0,36.3,63.0,1698.0,336.0,47.0,,,,
2024-05-05 10:13:17+05:30,4173,252,39.0,36.3,63.0,1606.0,249.0,48.0,,,,
2024-05-05 10:14:38+05:30,4174,245,38.0,36.3,63.0,1533.0,194.0,47.0,,,,
2024-05-05 10:15:20+05:30,4175,234,38.0,36.3,64.0,1537.0,197.0,48.0,,,,
2024-05-05 10:16:01+05:30,4176,232,38.0,35.7,62.0,1380.0,149.0,46.0,,,,
2024-05-05 10:17:23+05:30,4177,229,38.0,35.6,61.0,1491.0,166.0,47.0,,,,
2024-05-05 10:18:05+05:30,4178,225,37.0,36.3,61.0,1364.0,146.0,47.0,,,,
2024-05-05 10:19:26+05:30,4179,218,37.0,35.6,61.0,1235.0,127.0,46.0,,,,
2024-05-05 10:20:08+05:30,4180,215,36.0,35.6,61.0,1174.0,117.0,46.0,,,,
2024-05-05 10:21:30+05:30,4181,211,36.0,35.6,61.0,1122.0,109.0,46.0,,,,
2024-05-05 10:22:11+05:30,4182,208,36.0,36.3,61.0,1140.0,112.0,45.0,,,,
2024-05-05 10:23:33+05:30,4183,208,36.0,36.3,61.0,1441.0,158.0,45.0,,,,
2024-05-05 10:24:15+05:30,4184,212,36.0,36.3,61.0,1242.0,128.0,45.0,,,,
2024-05-05 10:25:36+05:30,4185,213,36.0,36.9,61.0,1441.0,158.0,45.0,,,,
2024-05-05 10:26:18+05:30,4186,212,36.0,36.9,60.0,1330.0,141.0,45.0,,,,
2024-05-05 10:27:40+05:30,4187,210,35.0,36.9,60.0,1313.0,139.0,46.0,,,,
2024-05-05 10:28:22+05:30,4188,209,35.0,36.9,60.0,1458.0,161.0,45.0,,,,
2024-05-05 10:29:03+05:30,4189,213,36.0,36.9,60.0,1470.0,163.0,45.0,,,,
2024-05-05 10:30:25+05:30,4190,214,36.0,36.9,61.0,1505.0,175.0,45.0,,,,
2024-05-05 10:31:07+05:30,4191,213,36.0,36.9,61.0,1397.0,151.0,45.0,,,,
2024-05-05 10:32:28+05:30,4192,211,36.0,36.9,61.0,1201.0,122.0,45.0,,,,
2024-05-05 10:33:10+05:30,4193,207,35.0,36.9,61.0,1345.0,143.0,44.0,,,,
2024-05-05 10:34:32+05:30,4194,207,35.0,36.9,60.0,1231.0,126.0,45.0,,,,
2024-05-05 10:35:15+05:30,4195,204,35.0,36.9,60.0,1081.0,103.0,45.0,,,,
2024-05-05 10:36:36+05:30,4196,199,35.0,36.9,60.0,882.0,73.0,45.0,,,,
2024-05-05 10:37:18+05:30,4197,198,35.0,36.9,60.0,1118.0,109.0,44.0,,,,
2024-05-05 10:38:40+05:30,4198,209,36.0,36.3,60.0,1506.0,176.0,45.0,,,,
2024-05-05 10:39:25+05:30,4199,222,36.0,36.3,60.0,1595.0,242.0,46.0,,,,
2024-05-05 10:40:08+05:30,4200,229,37.0,36.3,61.0,1556.0,210.0,46.0,,,,
2024-05-05 10:41:30+05:30,4201,247,38.0,36.3,61.0,1790.0,439.0,47.0,,,,
2024-05-05 10:42:12+05:30,4202,256,39.0,36.3,61.0,1743.0,384.0,48.0,,,,
2024-05-05 10:43:34+05:30,4203,257,38.0,36.3,62.0,1724.0,361.0,46.0,,,,
2024-05-05 10:44:15+05:30,4204,256,38.0,36.3,62.0,1724.0,361.0,47.0,,,,
2024-05-05 10:45:37+05:30,4205,251,38.0,36.3,62.0,1685.0,323.0,47.0,,,,
2024-05-05 10:46:19+05:30,4206,254,38.0,35.6,62.0,1846.0,509.0,48.0,,,,
2024-05-05 10:47:41+05:30,4207,265,40.0,35.6,62.0,1780.0,428.0,47.0,,,,
2024-05-05 10:48:23+05:30,4208,263,39.0,35.6,62.0,1820.0,476.0,47.0,,,,
2024-05-05 10:49:04+05:30,4209,271,40.0,35.6,62.0,1830.0,488.0,48.0,,,,
2024-05-05 10:50:27+05:30,4210,273,40.0,35.6,62.0,1814.0,467.0,48.0,,,,
2024-05-05 10:51:09+05:30,4211,282,40.0,35.6,62.0,1956.0,672.0,47.0,,,,
2024-05-05 10:52:32+05:30,4212,286,41.0,35.6,62.0,1931.0,633.0,49.0,,,,
2024-05-05 10:53:14+05:30,4213,283,40.0,35.6,62.0,1894.0,576.0,48.0,,,,
2024-05-05 10:54:36+05:30,4214,283,41.0,35.6,62.0,1970.0,694.0,49.0,,,,
2024-05-05 10:55:18+05:30,4215,288,41.0,35.6,63.0,1852.0,518.0,48.0,,,,
2024-05-05 10:56:40+05:30,4216,284,41.0,35.6,63.0,2017.0,776.0,48.0,,,,
2024-05-05 10:57:21+05:30,4217,292,42.0,35.6,63.0,1943.0,653.0,48.0,,,,
2024-05-05 10:58:43+05:30,4218,290,42.0,35.6,63.0,1959.0,676.0,49.0,,,,
2024-05-05 10:59:26+05:30,4219,290,41.0,35.6,63.0,1870.0,543.0,48.0,,,,
2024-05-05 11:00:07+05:30,4220,279,41.0,35.6,64.0,1849.0,514.0,48.0,,,,
2024-05-05 11:01:30+05:30,4221,281,41.0,35.6,64.0,1862.0,532.0,47.0,,,,
2024-05-05 11:02:12+05:30,4222,276,41.0,36.3,63.0,1834.0,494.0,47.0,,,,
2024-05-05 11:03:35+05:30,4223,276,41.0,36.3,62.0,1820.0,476.0,48.0,,,,
2024-05-05 11:04:16+05:30,4224,273,41.0,36.3,62.0,1839.0,501.0,47.0,,,,
2024-05-05 11:05:41+05:30,4225,273,40.0,36.3,62.0,1775.0,420.0,47.0,,,,
2024-05-05 11:06:23+05:30,4226,269,40.0,36.3,62.0,1779.0,427.0,46.0,,,,
2024-05-05 11:07:47+05:30,4227,266,40.0,36.3,61.0,1725.0,363.0,46.0,,,,
2024-05-05 11:09:14+05:30,4228,244,39.0,36.3,60.0,1546.0,204.0,45.0,,,,
2024-05-05 11:10:36+05:30,4229,236,38.0,36.3,60.0,1509.0,178.0,46.0,,,,
2024-05-05 11:11:18+05:30,4230,228,38.0,36.3,60.0,1495.0,166.0,46.0,,,,
2024-05-05 11:12:41+05:30,4231,228,38.0,36.3,60.0,1533.0,194.0,45.0,,,,
2024-05-05 11:13:23+05:30,4232,230,38.0,36.3,60.0,1559.0,212.0,46.0,,,,
2024-05-05 11:14:46+05:30,4233,235,38.0,36.3,61.0,1525.0,188.0,45.0,,,,
2024-05-05 11:15:28+05:30,4234,232,38.0,36.3,62.0,1559.0,212.0,46.0,,,,
2024-05-05 11:16:09+05:30,4235,250,39.0,36.3,62.0,1680.0,319.0,46.0,,,,
2024-05-05 11:17:31+05:30,4236,257,39.0,36.5,61.0,1783.0,431.0,46.0,,,,
2024-05-05 11:18:14+05:30,4237,262,40.0,36.9,61.0,1714.0,352.0,46.0,,,,
2024-05-05 11:19:36+05:30,4238,258,40.0,36.9,61.0,1677.0,316.0,46.0,,,,
2024-05-05 11:20:18+05:30,4239,256,39.0,36.9,61.0,1691.0,330.0,46.0,,,,
2024-05-05 11:21:40+05:30,4240,247,39.0,36.9,61.0,1537.0,197.0,46.0,,,,
2024-05-05 11:22:24+05:30,4241,242,39.0,36.9,61.0,1656.0,295.0,46.0,,,,
2024-05-05 11:24:08+05:30,4242,257,40.0,36.9,60.0,1620.0,264.0,46.0,,,,
2024-05-05 11:24:40+05:30,4243,249,39.0,36.9,60.0,1568.0,220.0,45.0,,,,
2024-05-05 11:25:25+05:30,4244,252,39.0,36.3,61.0,1772.0,417.0,46.0,,,,
2024-05-05 11:26:07+05:30,4245,277,41.0,36.3,61.0,1838.0,499.0,47.0,,,,
2024-05-05 11:27:30+05:30,4246,286,42.0,36.3,61.0,1887.0,567.0,47.0,,,,
2024-05-05 11:29:38+05:30,4247,310,44.0,36.3,61.0,2138.0,1005.0,47.0,,,,
2024-05-05 11:30:20+05:30,4248,333,46.0,36.3,61.0,2315.0,1390.0,47.0,,,,
2024-05-05 11:31:43+05:30,4249,337,46.0,36.9,61.0,2251.0,1248.0,48.0,,,,
2024-05-05 11:32:25+05:30,4250,329,45.0,36.9,61.0,2120.0,966.0,48.0,,,,
2024-05-05 11:33:56+05:30,4251,319,45.0,36.9,61.0,1967.0,689.0,47.0,,,,
2024-05-05 11:34:41+05:30,4252,299,43.0,36.9,61.0,1813.0,465.0,46.0,,,,
2024-05-05 11:35:23+05:30,4253,285,42.0,36.9,61.0,1795.0,444.0,45.0,,,,
2024-05-05 11:36:50+05:30,4254,274,41.0,36.9,61.0,1660.0,298.0,45.0,,,,
2024-05-05 11:37:32+05:30,4255,263,40.0,36.9,62.0,1604.0,249.0,46.0,,,,
2024-05-05 11:38:16+05:30,4256,260,40.0,36.9,62.0,1625.0,268.0,45.0,,,,
2024-05-05 11:40:27+05:30,4257,248,39.0,36.9,62.0,1556.0,210.0,45.0,,,,
2024-05-05 11:41:09+05:30,4258,241,39.0,36.9,64.0,1494.0,168.0,44.0,,,,
2024-05-05 11:42:35+05:30,4259,240,39.0,36.9,64.0,1445.0,159.0,45.0,,,,
2024-05-05 11:43:19+05:30,4260,231,38.0,36.9,63.0,1220.0,124.0,44.0,,,,
2024-05-05 11:44:41+05:30,4261,226,38.0,36.9,62.0,1171.0,117.0,44.0,,,,
2024-05-05 11:45:22+05:30,4262,222,38.0,36.9,62.0,1144.0,113.0,44.0,,,,
2024-05-05 11:46:45+05:30,4263,220,37.0,36.9,62.0,1053.0,99.0,44.0,,,,
2024-05-05 11:47:35+05:30,4264,216,37.0,36.9,62.0,1090.0,105.0,44.0,,,,
2024-05-05 11:48:14+05:30,4265,214,37.0,36.9,62.0,1009.0,92.0,44.0,,,,
2024-05-05 11:49:36+05:30,4266,214,37.0,36.9,63.0,1184.0,119.0,45.0,,,,
2024-05-05 11:50:18+05:30,4267,213,37.0,36.9,63.0,925.0,79.0,44.0,,,,
2024-05-05 11:51:42+05:30,4268,210,37.0,36.9,63.0,913.0,78.0,44.0,,,,
2024-05-05 11:52:29+05:30,4269,207,37.0,36.9,63.0,768.0,56.0,40.0,,,,
2024-05-05 11:53:15+05:30,4270,206,37.0,36.9,62.0,923.0,79.0,42.0,,,,
2024-05-05 11:54:41+05:30,4271,205,37.0,36.9,62.0,830.0,65.0,41.0,,,,
2024-05-05 11:55:22+05:30,4272,205,37.0,36.9,62.0,793.0,59.0,41.0,,,,
2024-05-05 11:56:48+05:30,4273,203,37.0,36.9,62.0,710.0,47.0,43.0,,,,
2024-05-05 11:57:31+05:30,4274,200,36.0,36.9,61.0,633.0,35.0,42.0,,,,
2024-05-05 11:58:13+05:30,4275,203,36.0,36.9,61.0,780.0,57.0,42.0,,,,
2024-05-05 11:59:37+05:30,4276,204,36.0,36.9,61.0,659.0,39.0,41.0,,,,
2024-05-05 12:00:21+05:30,4277,202,36.0,36.9,61.0,754.0,53.0,36.0,,,,
2024-05-05 12:01:45+05:30,4278,201,36.0,36.9,61.0,652.0,38.0,38.0,,,,
2024-05-05 12:02:34+05:30,4279,200,36.0,36.9,61.0,697.0,45.0,36.0,,,,
2024-05-05 12:03:17+05:30,4280,201,36.0,36.9,61.0,649.0,37.0,34.0,,,,
2024-05-05 12:04:40+05:30,4281,202,36.0,36.9,61.0,686.0,43.0,33.0,,,,
2024-05-05 12:05:22+05:30,4282,202,36.0,36.9,62.0,697.0,45.0,31.0,,,,
2024-05-05 12:06:45+05:30,4283,202,36.0,36.9,62.0,783.0,58.0,34.0,,,,
2024-05-05 12:07:28+05:30,4284,202,36.0,36.9,62.0,830.0,65.0,34.0,,,,
2024-05-05 12:09:41+05:30,4285,198,36.0,36.9,62.0,589.0,28.0,32.0,,,,
2024-05-05 12:10:28+05:30,4286,198,36.0,36.9,62.0,675.0,41.0,23.0,,,,
2024-05-05 12:11:52+05:30,4287,199,36.0,36.9,62.0,804.0,61.0,21.0,,,,
2024-05-05 12:12:35+05:30,4288,200,36.0,36.9,62.0,827.0,65.0,23.0,,,,
2024-05-05 12:13:24+05:30,4289,201,36.0,36.9,62.0,846.0,67.0,21.0,,,,
2024-05-05 12:14:48+05:30,4290,206,36.0,36.9,62.0,997.0,90.0,23.0,,,,
2024-05-05 12:15:31+05:30,4291,206,36.0,36.9,62.0,800.0,60.0,32.0,,,,
2024-05-05 12:16:19+05:30,4292,204,36.0,36.9,62.0,776.0,57.0,29.0,,,,
2024-05-05 12:17:41+05:30,4293,204,36.0,36.9,62.0,802.0,61.0,26.0,,,,
2024-05-05 12:18:24+05:30,4294,204,36.0,36.9,62.0,848.0,68.0,20.0,,,,
2024-05-05 12:19:47+05:30,4295,208,36.0,36.9,62.0,915.0,78.0,19.0,,,,
2024-05-05 12:20:34+05:30,4296,209,37.0,36.9,63.0,959.0,85.0,17.0,,,,
2024-05-05 12:21:21+05:30,4297,210,37.0,36.9,63.0,930.0,80.0,19.0,,,,
2024-05-05 12:22:43+05:30,4298,206,36.0,36.9,63.0,889.0,74.0,12.0,,,,
2024-05-05 12:23:25+05:30,4299,206,36.0,36.9,63.0,806.0,61.0,16.0,,,,
2024-05-05 12:37:16+05:30,4300,192,36.0,36.9,62.0,546.0,22.0,8.0,,,,
2024-05-05 12:46:46+05:30,4301,205,36.0,37.4,60.0,880.0,73.0,16.0,,,,
2024-05-05 12:48:57+05:30,4302,201,36.0,37.4,60.0,920.0,79.0,18.0,,,,
2024-05-05 12:49:40+05:30,4303,205,36.0,37.4,60.0,915.0,78.0,15.0,,,,
2024-05-05 12:53:20+05:30,4304,203,36.0,38.0,59.0,874.0,72.0,23.0,,,,
2024-05-05 12:54:44+05:30,4305,204,36.0,38.0,59.0,874.0,72.0,20.0,,,,
2024-05-05 12:55:26+05:30,4306,209,36.0,38.0,59.0,935.0,81.0,19.0,,,,
2024-05-05 12:56:51+05:30,4307,209,36.0,38.0,59.0,804.0,61.0,20.0,,,,
2024-05-05 12:57:41+05:30,4308,208,36.0,38.0,59.0,868.0,71.0,14.0,,,,
2024-05-05 12:59:51+05:30,4309,207,36.0,38.0,59.0,740.0,51.0,16.0,,,,
2024-05-05 13:00:34+05:30,4310,206,36.0,38.0,59.0,877.0,72.0,7.0,,,,
2024-05-05 13:01:56+05:30,4311,208,36.0,38.0,59.0,907.0,77.0,8.0,,,,
2024-05-05 13:02:43+05:30,4312,207,36.0,38.5,59.0,821.0,64.0,8.0,,,,
2024-05-05 13:03:28+05:30,4313,208,36.0,38.5,58.0,970.0,86.0,20.0,,,,
2024-05-05 13:04:54+05:30,4314,207,36.0,38.5,58.0,885.0,73.0,12.0,,,,
2024-05-05 13:05:38+05:30,4315,206,36.0,38.5,58.0,900.0,76.0,23.0,,,,
2024-05-05 13:06:20+05:30,4316,206,36.0,38.5,58.0,865.0,70.0,16.0,,,,
2024-05-05 13:08:27+05:30,4317,203,36.0,38.5,58.0,806.0,61.0,21.0,,,,
2024-05-05 13:09:49+05:30,4318,204,36.0,38.5,58.0,992.0,90.0,22.0,,,,
2024-05-05 13:10:30+05:30,4319,206,36.0,38.5,58.0,970.0,86.0,21.0,,,,
2024-05-05 13:11:51+05:30,4320,204,36.0,38.5,57.0,900.0,76.0,9.0,,,,
2024-05-05 13:12:33+05:30,4321,208,36.0,38.6,57.0,1083.0,104.0,13.0,,,,
2024-05-05 13:13:55+05:30,4322,211,36.0,39.0,57.0,1009.0,92.0,12.0,,,,
2024-05-05 13:14:36+05:30,4323,209,36.0,39.0,58.0,940.0,82.0,4.0,,,,
2024-05-05 13:15:17+05:30,4324,210,36.0,39.0,57.0,977.0,87.0,11.0,,,,
2024-05-05 13:16:45+05:30,4325,213,36.0,39.0,57.0,1007.0,92.0,5.0,,,,
2024-05-05 13:17:30+05:30,4326,213,36.0,39.0,57.0,877.0,72.0,3.0,,,,
2024-05-05 13:19:42+05:30,4327,208,36.0,39.0,57.0,923.0,79.0,10.0,,,,
2024-05-05 13:20:28+05:30,4328,212,36.0,39.0,57.0,1017.0,93.0,9.0,,,,
2024-05-05 13:21:52+05:30,4329,213,36.0,39.0,57.0,987.0,89.0,7.0,,,,
2024-05-05 13:22:34+05:30,4330,216,36.0,39.0,57.0,1060.0,100.0,6.0,,,,
2024-05-05 13:23:57+05:30,4331,216,36.0,39.5,57.0,844.0,67.0,7.0,,,,
2024-05-05 13:24:39+05:30,4332,213,36.0,39.0,57.0,885.0,73.0,4.0,,,,
2024-05-05 13:25:21+05:30,4333,217,36.0,39.0,57.0,868.0,71.0,5.0,,,,
2024-05-05 13:32:35+05:30,4334,256,38.0,39.0,57.0,1652.0,292.0,5.0,,,,
2024-05-05 13:34:05+05:30,4335,256,38.0,39.1,58.0,1599.0,245.0,8.0,,,,
2024-05-05 13:34:47+05:30,4336,255,38.0,39.1,57.0,1548.0,206.0,3.0,,,,
2024-05-05 13:35:28+05:30,4337,252,38.0,39.0,57.0,1586.0,233.0,3.0,,,,
2024-05-05 13:36:50+05:30,4338,257,38.0,39.0,57.0,1668.0,307.0,3.0,,,,
2024-05-05 13:37:32+05:30,4339,266,39.0,39.0,56.0,1747.0,387.0,5.0,,,,
2024-05-05 13:39:10+05:30,4340,277,40.0,39.0,56.0,1789.0,438.0,6.0,,,,
2024-05-05 13:40:31+05:30,4341,296,41.0,39.5,56.0,1967.0,689.0,7.0,,,,
2024-05-05 13:41:53+05:30,4342,300,42.0,39.5,56.0,1841.0,503.0,7.0,,,,
2024-05-05 13:42:37+05:30,4343,289,41.0,39.5,56.0,1762.0,405.0,4.0,,,,
2024-05-05 13:44:01+05:30,4344,281,40.0,39.5,56.0,1712.0,351.0,4.0,,,,
2024-05-05 13:44:46+05:30,4345,273,40.0,39.5,56.0,1638.0,280.0,4.0,,,,
2024-05-05 13:48:42+05:30,4346,261,39.0,39.5,56.0,1568.0,220.0,3.0,,,,
2024-05-05 13:59:30+05:30,4347,342,46.0,39.0,59.0,2098.0,920.0,17.0,,,,
2024-05-05 14:00:52+05:30,4348,351,46.0,39.0,59.0,2228.0,1198.0,16.0,,,,
2024-05-05 14:01:33+05:30,4349,353,46.0,39.0,59.0,2238.0,1215.0,14.0,,,,
2024-05-05 14:02:54+05:30,4350,355,46.0,39.0,59.0,2281.0,1319.0,16.0,,,,
2024-05-05 14:03:36+05:30,4351,368,47.0,38.6,58.0,2480.0,1733.0,11.0,,,,
2024-05-05 14:04:57+05:30,4352,373,48.0,38.7,58.0,2257.0,1262.0,8.0,,,,
2024-05-05 14:05:39+05:30,4353,357,47.0,39.0,59.0,2257.0,1262.0,10.0,,,,
2024-05-05 14:07:00+05:30,4354,338,45.0,39.0,58.0,2148.0,1023.0,10.0,,,,
2024-05-05 14:07:56+05:30,4355,342,45.0,39.0,57.0,2226.0,1201.0,11.0,,,,
2024-05-05 14:18:53+05:30,4356,327,44.0,39.0,57.0,1998.0,742.0,19.0,,,,
2024-05-05 14:19:44+05:30,4357,326,44.0,39.0,57.0,2154.0,1036.0,11.0,,,,
2024-05-05 14:26:32+05:30,4358,320,44.0,38.5,56.0,1972.0,698.0,1.0,,,,
2024-05-05 14:32:28+05:30,4359,320,44.0,38.5,57.0,1829.0,487.0,0.0,,,,
2024-05-05 14:33:54+05:30,4360,315,43.0,38.0,57.0,1937.0,643.0,0.0,,,,
2024-05-05 14:34:42+05:30,4361,319,43.0,38.0,57.0,1970.0,694.0,13.0,,,,
2024-05-05 14:36:09+05:30,4362,318,43.0,38.0,57.0,1585.0,232.0,15.0,,,,
2024-05-05 14:39:08+05:30,4363,302,41.0,37.4,60.0,1657.0,296.0,6.0,,,,
2024-05-05 14:39:58+05:30,4364,294,41.0,36.9,61.0,1637.0,279.0,0.0,,,,
2024-05-05 14:40:41+05:30,4365,280,40.0,36.3,62.0,1555.0,209.0,0.0,,,,
2024-05-05 14:42:07+05:30,4366,274,39.0,36.3,63.0,1525.0,188.0,2.0,,,,
2024-05-05 14:42:54+05:30,4367,276,39.0,35.6,63.0,1496.0,169.0,0.0,,,,
2024-05-05 14:45:12+05:30,4368,271,39.0,35.6,64.0,1053.0,99.0,0.0,,,,
2024-05-05 14:45:52+05:30,4369,258,39.0,35.6,64.0,905.0,76.0,0.0,,,,
2024-05-05 14:46:40+05:30,4370,256,38.0,35.2,64.0,990.0,89.0,12.0,,,,
2024-05-05 14:49:36+05:30,4371,262,39.0,35.2,64.0,1664.0,303.0,8.0,,,,
2024-05-05 14:52:36+05:30,4372,274,39.0,35.2,64.0,1664.0,302.0,0.0,,,,
2024-05-05 14:57:49+05:30,4373,307,42.0,35.2,64.0,1782.0,429.0,0.0,,,,
2024-05-05 14:58:37+05:30,4374,300,42.0,35.2,64.0,1674.0,313.0,0.0,,,,
2024-05-05 15:00:01+05:30,4375,300,41.0,35.2,64.0,1579.0,228.0,0.0,,,,
2024-05-05 15:00:46+05:30,4376,288,41.0,35.2,63.0,1543.0,202.0,0.0,,,,
2024-05-05 15:01:29+05:30,4377,290,41.0,35.2,63.0,1632.0,274.0,0.0,,,,
2024-05-05 15:02:56+05:30,4378,300,42.0,35.2,63.0,1956.0,672.0,0.0,,,,
2024-05-05 15:03:39+05:30,4379,311,42.0,35.2,63.0,1631.0,273.0,24.0,,,,
2024-05-05 15:08:02+05:30,4380,258,38.0,35.2,64.0,1032.0,96.0,0.0,,,,
2024-05-05 15:08:44+05:30,4381,255,38.0,35.2,63.0,970.0,86.0,0.0,,,,
2024-05-05 15:10:56+05:30,4382,260,39.0,35.2,64.0,1478.0,164.0,0.0,,,,
2024-05-05 15:11:42+05:30,4383,256,38.0,35.2,65.0,1178.0,118.0,0.0,,,,
2024-05-05 15:13:49+05:30,4384,265,39.0,34.7,66.0,1657.0,296.0,1.0,,,,
2024-05-05 15:14:34+05:30,4385,263,39.0,34.7,66.0,1174.0,117.0,14.0,,,,
2024-05-05 15:15:57+05:30,4386,254,38.0,34.7,66.0,1159.0,115.0,24.0,,,,
2024-05-05 15:16:39+05:30,4387,249,38.0,34.7,66.0,900.0,76.0,0.0,,,,
2024-05-05 15:18:02+05:30,4388,243,37.0,34.9,66.0,834.0,66.0,0.0,,,,
2024-05-05 15:19:31+05:30,4389,243,37.0,34.7,66.0,874.0,72.0,0.0,,,,
2024-05-05 15:20:54+05:30,4390,251,38.0,34.7,66.0,930.0,80.0,0.0,,,,
2024-05-05 15:21:36+05:30,4391,243,38.0,34.7,66.0,920.0,79.0,0.0,,,,
2024-05-05 15:25:53+05:30,4392,244,38.0,34.7,67.0,1090.0,105.0,0.0,,,,
2024-05-05 15:26:34+05:30,4393,242,37.0,34.7,66.0,768.0,56.0,0.0,,,,
2024-05-05 15:27:57+05:30,4394,242,38.0,34.7,66.0,1074.0,102.0,0.0,,,,
2024-05-05 15:28:39+05:30,4395,247,38.0,34.7,66.0,795.0,60.0,1.0,,,,
2024-05-05 15:30:01+05:30,4396,253,38.0,34.7,66.0,1259.0,130.0,0.0,,,,
2024-05-05 15:30:44+05:30,4397,261,38.0,34.7,67.0,1364.0,146.0,3.0,,,,
2024-05-05 15:32:06+05:30,4398,263,38.0,34.7,67.0,981.0,88.0,0.0,,,,
2024-05-05 15:32:50+05:30,4399,257,38.0,34.7,67.0,1295.0,136.0,0.0,,,,
2024-05-05 15:33:32+05:30,4400,269,39.0,34.7,68.0,1503.0,174.0,0.0,,,,
2024-05-05 15:34:58+05:30,4401,303,41.0,34.7,67.0,1746.0,386.0,0.0,,,,
2024-05-05 15:35:43+05:30,4402,314,42.0,35.2,66.0,1890.0,571.0,0.0,,,,
2024-05-05 15:37:05+05:30,4403,330,44.0,35.6,65.0,1983.0,718.0,0.0,,,,
2024-05-05 15:37:51+05:30,4404,335,44.0,36.3,65.0,1967.0,689.0,0.0,,,,
2024-05-05 15:38:34+05:30,4405,334,44.0,36.9,64.0,1926.0,625.0,0.0,,,,
2024-05-05 15:39:58+05:30,4406,342,45.0,36.9,62.0,2098.0,920.0,11.0,,,,
2024-05-05 15:40:40+05:30,4407,347,45.0,36.9,61.0,2054.0,833.0,0.0,,,,
2024-05-05 15:42:03+05:30,4408,322,43.0,37.4,61.0,1888.0,568.0,1.0,,,,
2024-05-05 15:42:46+05:30,4409,311,42.0,37.4,60.0,1734.0,371.0,0.0,,,,
2024-05-05 15:44:09+05:30,4410,294,41.0,37.4,60.0,1738.0,374.0,0.0,,,,
2024-05-05 15:44:51+05:30,4411,302,42.0,37.4,60.0,1676.0,314.0,0.0,,,,
2024-05-05 15:45:34+05:30,4412,295,41.0,37.4,60.0,1680.0,319.0,0.0,,,,
2024-05-05 15:47:47+05:30,4413,291,41.0,37.4,60.0,1689.0,327.0,0.0,,,,
2024-05-05 15:49:10+05:30,4414,293,40.0,37.4,60.0,1723.0,360.0,0.0,,,,
2024-05-05 15:49:53+05:30,4415,294,41.0,38.0,59.0,1792.0,441.0,0.0,,,,
2024-05-05 15:52:05+05:30,4416,301,41.0,38.5,58.0,1898.0,582.0,0.0,,,,
2024-05-05 15:52:49+05:30,4417,309,42.0,38.5,57.0,1884.0,561.0,0.0,,,,
2024-05-05 15:54:16+05:30,4418,309,42.0,39.0,56.0,1818.0,473.0,0.0,,,,
2024-05-05 15:55:01+05:30,4419,303,42.0,39.0,56.0,1906.0,594.0,0.0,,,,
2024-05-05 15:55:46+05:30,4420,318,42.0,39.0,55.0,1897.0,581.0,5.0,,,,
2024-05-05 15:57:08+05:30,4421,326,43.0,39.5,55.0,1950.0,664.0,0.0,,,,
2024-05-05 15:57:52+05:30,4422,330,44.0,39.5,55.0,2017.0,776.0,0.0,,,,
2024-05-05 15:58:34+05:30,4423,338,45.0,39.5,55.0,2020.0,784.0,0.0,,,,
2024-05-05 15:59:56+05:30,4424,350,46.0,39.5,55.0,1996.0,738.0,0.0,,,,
2024-05-05 16:00:40+05:30,4425,351,46.0,39.5,55.0,2080.0,881.0,0.0,,,,
2024-05-05 16:02:04+05:30,4426,344,45.0,39.5,54.0,2020.0,784.0,0.0,,,,
2024-05-05 16:02:45+05:30,4427,346,45.0,39.5,54.0,2056.0,836.0,2.0,,,,
2024-05-05 16:04:08+05:30,4428,347,46.0,39.5,54.0,2056.0,836.0,0.0,,,,
2024-05-05 16:04:50+05:30,4429,344,45.0,39.5,54.0,1994.0,736.0,0.0,,,,
2024-05-05 16:06:12+05:30,4430,339,45.0,39.5,54.0,1923.0,621.0,0.0,,,,
2024-05-05 16:06:54+05:30,4431,332,44.0,40.1,53.0,1922.0,619.0,0.0,,,,
2024-05-05 16:07:37+05:30,4432,341,45.0,40.1,54.0,2035.0,810.0,8.0,,,,
2024-05-05 16:08:59+05:30,4433,353,46.0,40.1,54.0,2064.0,849.0,0.0,,,,
2024-05-05 16:09:41+05:30,4434,339,45.0,40.1,53.0,1884.0,561.0,0.0,,,,
2024-05-05 16:11:05+05:30,4435,334,45.0,40.1,53.0,1942.0,651.0,0.0,,,,
2024-05-05 16:11:49+05:30,4436,343,45.0,40.1,53.0,2070.0,859.0,0.0,,,,
2024-05-05 16:13:11+05:30,4437,339,45.0,40.1,54.0,1919.0,614.0,0.0,,,,
2024-05-05 16:13:59+05:30,4438,330,44.0,40.1,54.0,1928.0,626.0,0.0,,,,
2024-05-05 16:14:44+05:30,4439,318,43.0,40.1,54.0,1817.0,471.0,19.0,,,,
2024-05-05 16:16:07+05:30,4440,314,43.0,40.1,53.0,1858.0,527.0,3.0,,,,
2024-05-05 16:16:54+05:30,4441,321,43.0,40.1,53.0,1865.0,536.0,0.0,,,,
2024-05-05 16:17:38+05:30,4442,318,43.0,40.1,53.0,1857.0,526.0,1.0,,,,
2024-05-05 16:21:16+05:30,4443,300,42.0,39.5,53.0,1704.0,344.0,0.0,,,,
2024-05-05 16:22:05+05:30,4444,303,42.0,39.5,53.0,1685.0,323.0,23.0,,,,
2024-05-05 16:22:49+05:30,4445,303,42.0,39.5,54.0,1747.0,387.0,0.0,,,,
2024-05-05 16:32:19+05:30,4446,335,44.0,39.0,54.0,1853.0,521.0,0.0,,,,
2024-05-05 16:33:00+05:30,4447,326,43.0,39.0,53.0,1874.0,547.0,0.0,,,,
2024-05-05 16:33:42+05:30,4448,321,43.0,39.0,53.0,1852.0,518.0,0.0,,,,
2024-05-05 16:35:48+05:30,4449,327,43.0,39.5,53.0,1897.0,581.0,0.0,,,,
2024-05-05 16:37:12+05:30,4450,339,44.0,39.5,52.0,2148.0,1023.0,0.0,,,,
2024-05-05 16:38:43+05:30,4451,368,47.0,40.1,51.0,2178.0,1088.0,0.0,,,,
2024-05-05 16:40:09+05:30,4452,346,45.0,40.1,51.0,1909.0,597.0,0.0,,,,
2024-05-05 16:40:51+05:30,4453,332,44.0,40.1,51.0,1909.0,597.0,0.0,,,,
2024-05-05 16:42:13+05:30,4454,329,44.0,40.1,51.0,1868.0,542.0,0.0,,,,
2024-05-05 16:42:57+05:30,4455,322,43.0,40.1,50.0,1806.0,457.0,0.0,,,,
2024-05-05 16:43:40+05:30,4456,314,42.0,40.1,51.0,1777.0,424.0,0.0,,,,
2024-05-05 16:45:04+05:30,4457,315,42.0,39.5,52.0,1682.0,321.0,0.0,,,,
2024-05-05 16:47:19+05:30,4458,306,42.0,39.5,53.0,1664.0,302.0,1.0,,,,
2024-05-05 16:48:48+05:30,4459,295,41.0,39.5,53.0,1641.0,282.0,0.0,,,,
2024-05-05 16:50:12+05:30,4460,295,41.0,39.5,54.0,1654.0,293.0,0.0,,,,
2024-05-05 16:50:54+05:30,4461,294,41.0,39.5,54.0,1633.0,276.0,0.0,,,,
2024-05-05 16:52:19+05:30,4462,296,41.0,39.5,54.0,1579.0,228.0,0.0,,,,
2024-05-05 16:53:03+05:30,4463,291,40.0,39.5,54.0,1644.0,285.0,0.0,,,,
2024-05-05 16:53:50+05:30,4464,290,40.0,39.5,54.0,1601.0,246.0,2.0,,,,
2024-05-05 17:15:52+05:30,4465,358,46.0,40.1,51.0,2076.0,872.0,0.0,,,,
2024-05-05 17:17:14+05:30,4466,346,45.0,40.1,51.0,2006.0,757.0,0.0,,,,
2024-05-05 17:17:55+05:30,4467,344,45.0,40.1,51.0,1957.0,674.0,0.0,,,,
2024-05-05 17:26:47+05:30,4468,352,46.0,40.1,52.0,1858.0,527.0,0.0,,,,
2024-05-05 17:33:19+05:30,4469,330,44.0,40.1,50.0,1829.0,487.0,6.0,,,,
2024-05-05 17:36:16+05:30,4470,321,43.0,40.1,50.0,1771.0,415.0,10.0,,,,
2024-05-05 17:36:59+05:30,4471,318,43.0,40.1,50.0,1707.0,346.0,11.0,,,,
2024-05-05 17:38:29+05:30,4472,313,43.0,40.1,50.0,1707.0,346.0,13.0,,,,
2024-05-05 17:39:07+05:30,4473,312,43.0,40.1,50.0,1700.0,338.0,10.0,,,,
2024-05-05 17:39:48+05:30,4474,309,42.0,40.1,50.0,1660.0,298.0,92.0,,,,
2024-05-05 17:41:10+05:30,4475,306,42.0,40.1,50.0,1618.0,262.0,115.0,,,,
2024-05-05 17:41:51+05:30,4476,307,42.0,40.0,50.0,1628.0,270.0,89.0,,,,
2024-05-05 17:43:12+05:30,4477,305,42.0,39.5,51.0,1579.0,228.0,96.0,,,,
2024-05-05 17:43:54+05:30,4478,302,42.0,39.5,51.0,1635.0,277.0,97.0,,,,
2024-05-05 17:45:15+05:30,4479,301,41.0,39.5,52.0,1623.0,265.0,96.0,,,,
2024-05-05 17:45:56+05:30,4480,297,41.0,39.5,52.0,1542.0,200.0,98.0,,,,
2024-05-05 17:47:18+05:30,4481,284,40.0,39.5,52.0,1393.0,151.0,112.0,,,,
2024-05-05 17:47:59+05:30,4482,282,40.0,39.5,52.0,1367.0,147.0,101.0,,,,
2024-05-05 17:49:21+05:30,4483,283,40.0,39.5,52.0,1540.0,199.0,101.0,,,,
2024-05-05 17:50:02+05:30,4484,290,40.0,39.5,52.0,1389.0,150.0,103.0,,,,
2024-05-05 17:51:24+05:30,4485,288,40.0,39.5,52.0,1736.0,374.0,117.0,,,,
2024-05-05 17:52:06+05:30,4486,311,42.0,39.0,53.0,1677.0,316.0,113.0,,,,
2024-05-05 17:52:48+05:30,4487,308,42.0,39.0,53.0,1636.0,278.0,96.0,,,,
2024-05-05 17:54:09+05:30,4488,311,42.0,39.0,53.0,1748.0,389.0,131.0,,,,
2024-05-05 17:54:50+05:30,4489,318,42.0,39.0,53.0,1735.0,372.0,98.0,,,,
2024-05-05 17:57:03+05:30,4490,304,41.0,39.5,54.0,1572.0,224.0,125.0,,,,
2024-05-05 17:57:50+05:30,4491,296,41.0,39.5,55.0,1537.0,197.0,142.0,,,,
2024-05-05 17:59:58+05:30,4492,286,40.0,39.0,58.0,1356.0,145.0,97.0,,,,
2024-05-05 18:01:27+05:30,4493,288,40.0,39.0,59.0,1568.0,220.0,120.0,,,,
2024-05-05 18:02:22+05:30,4494,292,41.0,39.0,60.0,1597.0,242.0,101.0,,,,
2024-05-05 18:02:56+05:30,4495,295,41.0,39.0,62.0,1474.0,163.0,118.0,,,,
2024-05-05 18:04:24+05:30,4496,291,41.0,39.0,63.0,1560.0,214.0,116.0,,,,
2024-05-05 18:05:05+05:30,4497,301,41.0,39.0,64.0,1650.0,289.0,136.0,,,,
2024-05-05 18:05:47+05:30,4498,308,42.0,39.0,64.0,1636.0,278.0,109.0,,,,
2024-05-05 18:07:11+05:30,4499,310,42.0,39.0,65.0,1595.0,240.0,108.0,,,,
2024-05-05 18:07:54+05:30,4500,303,42.0,39.0,65.0,1462.0,161.0,110.0,,,,
2024-05-05 18:09:17+05:30,4501,299,41.0,39.0,65.0,1528.0,191.0,117.0,,,,
2024-05-05 18:10:07+05:30,4502,300,41.0,39.0,65.0,1568.0,220.0,114.0,,,,
2024-05-05 18:12:18+05:30,4503,295,40.0,38.5,66.0,1478.0,164.0,111.0,,,,
2024-05-05 18:13:00+05:30,4504,293,40.0,38.5,67.0,1502.0,173.0,161.0,,,,
2024-05-05 18:15:08+05:30,4505,285,40.0,38.5,67.0,1255.0,130.0,118.0,,,,
2024-05-05 18:15:51+05:30,4506,278,39.0,38.5,68.0,1212.0,123.0,113.0,,,,
2024-05-05 18:17:14+05:30,4507,273,39.0,38.5,68.0,1262.0,131.0,117.0,,,,
2024-05-05 18:17:56+05:30,4508,276,39.0,38.5,68.0,1248.0,129.0,120.0,,,,
2024-05-05 18:19:18+05:30,4509,278,39.0,38.5,68.0,1313.0,139.0,129.0,,,,
2024-05-05 18:19:59+05:30,4510,277,39.0,38.5,68.0,1408.0,153.0,134.0,,,,
2024-05-05 18:21:21+05:30,4511,277,39.0,38.5,68.0,1441.0,158.0,113.0,,,,
2024-05-05 18:22:03+05:30,4512,282,39.0,38.5,68.0,1228.0,126.0,129.0,,,,
2024-05-05 18:23:24+05:30,4513,278,39.0,38.5,68.0,1465.0,162.0,115.0,,,,
2024-05-05 18:24:06+05:30,4514,279,39.0,38.5,68.0,1270.0,132.0,103.0,,,,
2024-05-05 18:24:48+05:30,4515,277,39.0,38.0,68.0,1184.0,119.0,108.0,,,,
2024-05-05 18:26:10+05:30,4516,276,39.0,38.0,68.0,1068.0,101.0,132.0,,,,
2024-05-05 18:26:52+05:30,4517,264,39.0,38.0,68.0,1012.0,93.0,122.0,,,,
2024-05-05 18:28:14+05:30,4518,261,39.0,38.0,69.0,1077.0,103.0,114.0,,,,
2024-05-05 18:28:56+05:30,4519,264,38.0,38.5,69.0,956.0,84.0,110.0,,,,
2024-05-05 18:30:18+05:30,4520,262,38.0,38.5,68.0,1038.0,97.0,93.0,,,,
2024-05-05 18:31:00+05:30,4521,261,38.0,38.5,68.0,882.0,73.0,109.0,,,,
2024-05-05 18:32:21+05:30,4522,250,38.0,38.0,68.0,638.0,36.0,118.0,,,,
2024-05-05 18:33:03+05:30,4523,246,37.0,38.0,68.0,697.0,45.0,107.0,,,,
2024-05-05 18:34:28+05:30,4524,246,37.0,38.0,68.0,846.0,67.0,105.0,,,,
2024-05-05 18:35:10+05:30,4525,251,38.0,38.0,69.0,868.0,71.0,108.0,,,,
2024-05-05 18:35:51+05:30,4526,248,38.0,38.0,69.0,737.0,51.0,137.0,,,,
2024-05-05 18:37:14+05:30,4527,245,37.0,38.0,70.0,646.0,37.0,103.0,,,,
2024-05-05 18:37:56+05:30,4528,246,38.0,38.0,71.0,746.0,52.0,110.0,,,,
2024-05-05 18:39:19+05:30,4529,244,37.0,37.4,72.0,645.0,37.0,108.0,,,,
2024-05-05 18:40:00+05:30,4530,240,37.0,37.4,72.0,624.0,34.0,89.0,,,,
2024-05-05 18:41:22+05:30,4531,248,37.0,37.4,72.0,882.0,73.0,131.0,,,,
2024-05-05 18:42:03+05:30,4532,251,37.0,37.4,72.0,735.0,51.0,128.0,,,,
2024-05-05 18:43:25+05:30,4533,250,37.0,37.4,72.0,633.0,35.0,89.0,,,,
2024-05-05 18:44:07+05:30,4534,243,37.0,37.4,72.0,588.0,28.0,120.0,,,,
2024-05-05 18:45:29+05:30,4535,236,37.0,37.4,72.0,524.0,18.0,90.0,,,,
2024-05-05 18:46:11+05:30,4536,231,37.0,37.4,72.0,650.0,38.0,104.0,,,,
2024-05-05 18:46:52+05:30,4537,230,37.0,37.4,72.0,665.0,40.0,122.0,,,,
2024-05-05 18:48:14+05:30,4538,229,37.0,37.4,72.0,626.0,34.0,105.0,,,,
2024-05-05 18:48:56+05:30,4539,228,37.0,37.4,72.0,657.0,39.0,110.0,,,,
2024-05-05 18:50:18+05:30,4540,230,37.0,37.4,73.0,578.0,27.0,112.0,,,,
2024-05-05 18:51:00+05:30,4541,225,37.0,37.4,73.0,584.0,28.0,98.0,,,,
2024-05-05 18:52:23+05:30,4542,223,36.0,36.9,73.0,488.0,13.0,118.0,,,,
2024-05-05 18:53:04+05:30,4543,219,36.0,36.9,73.0,643.0,37.0,83.0,,,,
2024-05-05 18:54:25+05:30,4544,220,37.0,36.9,73.0,570.0,25.0,113.0,,,,
2024-05-05 18:55:07+05:30,4545,217,37.0,36.9,73.0,505.0,15.0,104.0,,,,
2024-05-05 18:56:28+05:30,4546,213,37.0,36.9,73.0,569.0,25.0,93.0,,,,
2024-05-05 18:57:10+05:30,4547,210,36.0,36.9,73.0,666.0,40.0,84.0,,,,
2024-05-05 18:57:52+05:30,4548,212,36.0,36.9,73.0,678.0,42.0,115.0,,,,
2024-05-05 18:59:13+05:30,4549,211,36.0,36.9,73.0,450.0,7.0,70.0,,,,
2024-05-05 18:59:55+05:30,4550,208,36.0,36.9,73.0,653.0,38.0,97.0,,,,
2024-05-05 19:01:17+05:30,4551,213,36.0,36.3,74.0,927.0,80.0,114.0,,,,
2024-05-05 19:01:59+05:30,4552,219,36.0,36.3,75.0,1576.0,226.0,114.0,,,,
2024-05-05 19:03:21+05:30,4553,249,38.0,36.3,76.0,1704.0,344.0,103.0,,,,
2024-05-05 19:04:03+05:30,4554,258,39.0,36.3,77.0,1801.0,451.0,130.0,,,,
2024-05-05 19:05:25+05:30,4555,264,39.0,36.3,77.0,2072.0,868.0,153.0,,,,
2024-05-05 19:06:07+05:30,4556,282,41.0,36.3,77.0,2357.0,1476.0,180.0,,,,
2024-05-05 19:07:30+05:30,4557,298,42.0,36.3,77.0,2013.0,769.0,146.0,,,,
2024-05-05 19:08:12+05:30,4558,283,41.0,36.3,77.0,1917.0,611.0,145.0,,,,
2024-05-05 19:08:53+05:30,4559,273,41.0,36.9,77.0,1917.0,611.0,148.0,,,,
2024-05-05 19:11:00+05:30,4560,260,40.0,36.9,76.0,1717.0,355.0,114.0,,,,
2024-05-05 19:13:13+05:30,4561,249,39.0,36.3,76.0,1627.0,269.0,186.0,,,,
2024-05-05 19:15:29+05:30,4562,244,39.0,36.9,76.0,1618.0,262.0,115.0,,,,
2024-05-05 19:16:13+05:30,4563,241,38.0,36.3,76.0,1542.0,200.0,103.0,,,,
2024-05-05 19:16:55+05:30,4564,237,38.0,36.3,76.0,1552.0,208.0,99.0,,,,
2024-05-05 19:18:17+05:30,4565,234,38.0,36.3,76.0,1270.0,132.0,118.0,,,,
2024-05-05 19:19:01+05:30,4566,230,38.0,36.3,76.0,1356.0,145.0,109.0,,,,
2024-05-05 19:20:23+05:30,4567,226,38.0,36.3,76.0,1140.0,112.0,109.0,,,,
2024-05-05 19:21:04+05:30,4568,223,37.0,36.3,76.0,1074.0,102.0,116.0,,,,
2024-05-05 19:22:26+05:30,4569,222,37.0,36.3,76.0,1140.0,112.0,60.0,,,,
2024-05-05 19:23:08+05:30,4570,220,37.0,36.3,76.0,1113.0,108.0,60.0,,,,
2024-05-05 19:24:30+05:30,4571,224,38.0,36.3,76.0,1285.0,134.0,62.0,,,,
2024-05-05 19:25:12+05:30,4572,223,37.0,36.3,76.0,1270.0,132.0,59.0,,,,
2024-05-05 19:25:54+05:30,4573,223,37.0,36.3,76.0,1228.0,126.0,104.0,,,,
2024-05-05 19:27:16+05:30,4574,224,37.0,36.3,76.0,1238.0,127.0,133.0,,,,
2024-05-05 19:27:58+05:30,4575,222,37.0,36.3,76.0,1181.0,118.0,54.0,,,,
2024-05-05 19:29:20+05:30,4576,221,37.0,36.3,76.0,1131.0,111.0,81.0,,,,
2024-05-05 19:30:02+05:30,4577,219,37.0,36.3,76.0,997.0,90.0,73.0,,,,
2024-05-05 19:31:25+05:30,4578,216,37.0,36.3,77.0,1065.0,101.0,84.0,,,,
2024-05-05 19:32:11+05:30,4579,216,37.0,36.3,77.0,964.0,85.0,88.0,,,,
2024-05-05 19:33:33+05:30,4580,214,37.0,36.3,77.0,1462.0,161.0,76.0,,,,
2024-05-05 19:34:15+05:30,4581,218,37.0,36.3,77.0,1212.0,123.0,108.0,,,,
2024-05-05 19:34:57+05:30,4582,217,37.0,36.3,77.0,909.0,77.0,86.0,,,,
2024-05-05 19:36:19+05:30,4583,212,37.0,36.3,77.0,817.0,63.0,92.0,,,,
2024-05-05 19:37:00+05:30,4584,211,37.0,36.3,77.0,951.0,83.0,85.0,,,,
2024-05-05 19:38:22+05:30,4585,210,37.0,35.7,77.0,694.0,44.0,65.0,,,,
2024-05-05 19:39:04+05:30,4586,210,37.0,35.6,77.0,891.0,74.0,51.0,,,,
2024-05-05 19:40:27+05:30,4587,210,37.0,36.3,77.0,763.0,55.0,72.0,,,,
2024-05-05 19:41:09+05:30,4588,208,37.0,36.3,77.0,780.0,57.0,80.0,,,,
2024-05-05 19:42:32+05:30,4589,211,37.0,35.6,77.0,1801.0,451.0,69.0,,,,
2024-05-05 19:43:14+05:30,4590,258,40.0,35.6,77.0,1765.0,409.0,121.0,,,,
2024-05-05 19:43:57+05:30,4591,260,40.0,36.3,77.0,1779.0,427.0,84.0,,,,
2024-05-05 19:45:20+05:30,4592,255,40.0,36.3,77.0,1665.0,304.0,58.0,,,,
2024-05-05 19:46:04+05:30,4593,251,39.0,36.3,77.0,1636.0,278.0,76.0,,,,
2024-05-05 19:47:26+05:30,4594,246,39.0,36.3,77.0,1556.0,210.0,64.0,,,,
2024-05-05 19:48:10+05:30,4595,240,39.0,36.3,77.0,1515.0,181.0,41.0,,,,
2024-05-05 19:49:33+05:30,4596,235,38.0,36.3,76.0,1235.0,127.0,43.0,,,,
2024-05-05 19:50:15+05:30,4597,228,38.0,36.3,76.0,1360.0,146.0,54.0,,,,
2024-05-05 19:50:58+05:30,4598,227,38.0,36.3,76.0,1255.0,130.0,40.0,,,,
2024-05-05 19:52:20+05:30,4599,224,38.0,36.3,76.0,1090.0,105.0,40.0,,,,
2024-05-05 19:53:04+05:30,4600,223,38.0,36.3,76.0,1134.0,111.0,62.0,,,,
2024-05-05 19:55:18+05:30,4601,218,38.0,35.6,77.0,1041.0,97.0,66.0,,,,
2024-05-05 19:56:00+05:30,4602,218,37.0,35.6,77.0,832.0,65.0,60.0,,,,
2024-05-05 19:57:22+05:30,4603,218,37.0,35.6,77.0,942.0,82.0,65.0,,,,
2024-05-05 19:58:04+05:30,4604,216,37.0,35.6,77.0,1105.0,107.0,55.0,,,,
2024-05-05 19:59:27+05:30,4605,216,37.0,35.6,77.0,1012.0,93.0,52.0,,,,
2024-05-05 20:00:09+05:30,4606,216,38.0,35.6,77.0,1150.0,114.0,80.0,,,,
2024-05-05 20:01:31+05:30,4607,216,38.0,35.6,77.0,977.0,87.0,61.0,,,,
2024-05-05 20:02:16+05:30,4608,215,37.0,35.6,77.0,1029.0,95.0,49.0,,,,
2024-05-05 20:03:38+05:30,4609,214,37.0,35.6,77.0,1068.0,101.0,35.0,,,,
2024-05-05 20:04:19+05:30,4610,214,38.0,35.6,77.0,1118.0,109.0,34.0,,,,
2024-05-05 20:05:01+05:30,4611,217,38.0,35.6,77.0,1453.0,160.0,43.0,,,,
2024-05-05 20:06:23+05:30,4612,220,38.0,35.6,77.0,1188.0,120.0,24.0,,,,
2024-05-05 20:07:05+05:30,4613,219,38.0,35.6,77.0,1425.0,156.0,43.0,,,,
2024-05-05 20:08:28+05:30,4614,222,38.0,35.6,77.0,1376.0,148.0,33.0,,,,
2024-05-05 20:09:09+05:30,4615,220,38.0,35.6,77.0,1062.0,100.0,36.0,,,,
2024-05-05 20:10:31+05:30,4616,216,38.0,35.6,77.0,891.0,74.0,29.0,,,,
2024-05-05 20:11:13+05:30,4617,212,37.0,35.6,77.0,783.0,58.0,42.0,,,,
2024-05-05 20:12:35+05:30,4618,210,37.0,35.6,77.0,761.0,54.0,55.0,,,,
2024-05-05 20:13:16+05:30,4619,207,37.0,35.6,77.0,643.0,37.0,41.0,,,,
2024-05-05 20:14:38+05:30,4620,205,37.0,35.6,77.0,813.0,62.0,28.0,,,,
2024-05-05 20:15:20+05:30,4621,205,37.0,35.6,77.0,629.0,34.0,43.0,,,,
2024-05-05 20:16:02+05:30,4622,202,37.0,35.6,77.0,580.0,27.0,39.0,,,,
2024-05-05 20:17:24+05:30,4623,201,37.0,35.6,77.0,657.0,39.0,43.0,,,,
2024-05-05 20:18:06+05:30,4624,203,37.0,35.6,77.0,827.0,65.0,34.0,,,,
2024-05-05 20:19:28+05:30,4625,203,37.0,35.6,77.0,846.0,67.0,48.0,,,,
2024-05-05 20:20:10+05:30,4626,207,37.0,35.6,77.0,1017.0,93.0,41.0,,,,
2024-05-05 20:21:32+05:30,4627,209,37.0,35.6,77.0,954.0,84.0,52.0,,,,
2024-05-05 20:22:14+05:30,4628,208,37.0,35.6,77.0,686.0,43.0,55.0,,,,
2024-05-05 20:23:36+05:30,4629,206,37.0,35.6,77.0,591.0,29.0,55.0,,,,
2024-05-05 20:24:18+05:30,4630,203,37.0,35.6,77.0,882.0,73.0,62.0,,,,
2024-05-05 20:25:00+05:30,4631,205,37.0,35.6,77.0,688.0,43.0,70.0,,,,
2024-05-05 20:26:23+05:30,4632,206,37.0,35.6,77.0,704.0,46.0,64.0,,,,
2024-05-05 20:27:04+05:30,4633,205,37.0,35.6,77.0,763.0,55.0,63.0,,,,
2024-05-05 20:28:26+05:30,4634,204,37.0,35.6,77.0,564.0,24.0,76.0,,,,
2024-05-05 20:29:08+05:30,4635,204,37.0,35.6,78.0,732.0,50.0,59.0,,,,
2024-05-05 20:30:29+05:30,4636,207,37.0,35.6,78.0,726.0,49.0,54.0,,,,
2024-05-05 20:31:11+05:30,4637,206,37.0,35.6,78.0,700.0,45.0,52.0,,,,
2024-05-05 20:32:33+05:30,4638,208,37.0,35.2,79.0,1009.0,92.0,33.0,,,,
2024-05-05 20:33:15+05:30,4639,212,37.0,35.2,79.0,1014.0,93.0,46.0,,,,
2024-05-05 20:34:37+05:30,4640,217,38.0,35.2,79.0,863.0,70.0,34.0,,,,
2024-05-05 20:35:18+05:30,4641,212,37.0,35.6,78.0,778.0,57.0,33.0,,,,
2024-05-05 20:36:41+05:30,4642,210,37.0,35.2,78.0,795.0,60.0,45.0,,,,
2024-05-05 20:37:23+05:30,4643,212,37.0,35.2,79.0,942.0,82.0,64.0,,,,
2024-05-05 20:38:05+05:30,4644,213,37.0,35.2,79.0,757.0,54.0,12.0,,,,
2024-05-05 20:39:27+05:30,4645,209,37.0,35.2,79.0,666.0,40.0,25.0,,,,
2024-05-05 20:40:09+05:30,4646,207,37.0,35.2,79.0,776.0,57.0,12.0,,,,
2024-05-05 20:41:31+05:30,4647,208,37.0,35.2,79.0,674.0,41.0,10.0,,,,
2024-05-05 20:42:13+05:30,4648,207,37.0,35.2,79.0,700.0,45.0,11.0,,,,
2024-05-05 20:43:35+05:30,4649,206,37.0,35.2,79.0,580.0,27.0,21.0,,,,
2024-05-05 20:44:17+05:30,4650,205,37.0,35.2,79.0,668.0,40.0,11.0,,,,
2024-05-05 20:45:39+05:30,4651,226,37.0,35.2,80.0,981.0,88.0,11.0,,,,
2024-05-05 20:46:21+05:30,4652,225,37.0,35.2,80.0,778.0,57.0,10.0,,,,
2024-05-05 20:47:03+05:30,4653,224,37.0,35.2,80.0,1110.0,108.0,12.0,,,,
2024-05-05 20:48:24+05:30,4654,224,37.0,35.2,80.0,889.0,74.0,18.0,,,,
2024-05-05 20:49:06+05:30,4655,222,37.0,35.2,81.0,830.0,65.0,13.0,,,,
2024-05-05 20:50:28+05:30,4656,218,37.0,35.2,81.0,719.0,48.0,24.0,,,,
2024-05-05 20:51:11+05:30,4657,219,37.0,35.2,81.0,889.0,74.0,20.0,,,,
2024-05-05 20:52:33+05:30,4658,219,37.0,35.2,81.0,728.0,49.0,100.0,,,,
2024-05-05 20:53:15+05:30,4659,219,37.0,35.2,80.0,817.0,63.0,29.0,,,,
2024-05-05 21:00:44+05:30,4660,215,37.0,35.2,80.0,688.0,43.0,12.0,,,,
2024-05-05 21:01:25+05:30,4661,215,37.0,35.2,81.0,597.0,30.0,35.0,,,,
2024-05-05 21:02:07+05:30,4662,213,36.0,35.2,81.0,678.0,42.0,8.0,,,,
2024-05-05 21:03:30+05:30,4663,211,37.0,35.2,81.0,580.0,27.0,14.0,,,,
2024-05-05 21:04:14+05:30,4664,210,37.0,35.2,80.0,776.0,57.0,21.0,,,,
2024-05-05 21:05:37+05:30,4665,212,37.0,35.2,80.0,618.0,33.0,15.0,,,,
2024-05-05 21:06:19+05:30,4666,210,37.0,35.2,81.0,611.0,32.0,16.0,,,,
2024-05-05 21:07:42+05:30,4667,208,37.0,35.2,81.0,565.0,25.0,7.0,,,,
2024-05-05 21:08:26+05:30,4668,208,37.0,35.2,81.0,629.0,34.0,6.0,,,,
2024-05-05 21:09:09+05:30,4669,208,37.0,35.2,81.0,589.0,28.0,32.0,,,,
2024-05-05 21:10:30+05:30,4670,208,37.0,35.2,81.0,617.0,33.0,37.0,,,,
2024-05-05 21:11:12+05:30,4671,208,37.0,35.2,81.0,584.0,28.0,38.0,,,,
2024-05-05 21:12:35+05:30,4672,207,37.0,35.2,81.0,555.0,23.0,43.0,,,,
2024-05-05 21:13:17+05:30,4673,206,37.0,35.2,81.0,683.0,43.0,40.0,,,,
2024-05-05 21:14:38+05:30,4674,211,37.0,35.2,81.0,757.0,54.0,39.0,,,,
2024-05-05 21:15:22+05:30,4675,210,37.0,35.2,81.0,564.0,24.0,40.0,,,,
2024-05-05 21:16:44+05:30,4676,208,37.0,35.2,81.0,567.0,25.0,44.0,,,,
2024-05-05 21:17:26+05:30,4677,207,37.0,35.2,81.0,551.0,23.0,47.0,,,,
2024-05-05 21:18:10+05:30,4678,205,37.0,35.2,81.0,480.0,12.0,40.0,,,,
2024-05-05 21:19:33+05:30,4679,205,37.0,35.2,81.0,657.0,39.0,47.0,,,,
2024-05-05 21:20:15+05:30,4680,205,37.0,35.0,81.0,683.0,43.0,51.0,,,,
2024-05-05 21:21:37+05:30,4681,204,37.0,35.2,81.0,542.0,21.0,46.0,,,,
2024-05-05 21:22:19+05:30,4682,202,37.0,35.2,81.0,565.0,25.0,49.0,,,,
2024-05-05 21:23:41+05:30,4683,199,37.0,35.2,81.0,615.0,32.0,44.0,,,,
2024-05-05 21:24:23+05:30,4684,198,36.0,35.2,81.0,686.0,43.0,48.0,,,,
2024-05-05 21:25:45+05:30,4685,198,37.0,35.2,81.0,650.0,38.0,51.0,,,,
2024-05-05 21:26:27+05:30,4686,199,37.0,35.2,81.0,615.0,32.0,54.0,,,,
2024-05-05 21:27:08+05:30,4687,199,36.0,35.2,81.0,629.0,34.0,57.0,,,,
2024-05-05 21:28:30+05:30,4688,200,36.0,35.2,81.0,615.0,32.0,55.0,,,,
2024-05-05 21:29:12+05:30,4689,199,36.0,35.2,81.0,615.0,32.0,60.0,,,,
2024-05-05 21:30:33+05:30,4690,198,36.0,35.2,81.0,542.0,21.0,59.0,,,,
2024-05-05 21:31:15+05:30,4691,198,36.0,34.7,82.0,638.0,36.0,62.0,,,,
2024-05-05 21:32:39+05:30,4692,199,36.0,34.7,82.0,638.0,36.0,63.0,,,,
2024-05-05 21:33:21+05:30,4693,199,36.0,34.7,82.0,752.0,53.0,65.0,,,,
2024-05-05 21:34:43+05:30,4694,201,36.0,34.7,82.0,1341.0,143.0,70.0,,,,
2024-05-05 21:35:26+05:30,4695,207,37.0,34.7,82.0,1009.0,92.0,64.0,,,,
2024-05-05 21:36:09+05:30,4696,207,37.0,34.7,82.0,1131.0,111.0,63.0,,,,
2024-05-05 21:37:32+05:30,4697,206,37.0,35.0,81.0,1081.0,103.0,67.0,,,,
2024-05-05 21:38:18+05:30,4698,207,37.0,34.7,82.0,1090.0,105.0,65.0,,,,
2024-05-05 21:39:42+05:30,4699,204,37.0,35.2,81.0,1086.0,104.0,65.0,,,,
2024-05-05 21:40:24+05:30,4700,204,37.0,34.7,82.0,1204.0,122.0,66.0,,,,
2024-05-05 21:42:33+05:30,4701,205,37.0,34.8,82.0,1445.0,159.0,63.0,,,,
2024-05-05 21:43:15+05:30,4702,209,37.0,34.7,82.0,1299.0,136.0,68.0,,,,
2024-05-05 21:47:33+05:30,4703,210,37.0,34.7,82.0,1113.0,108.0,64.0,,,,
2024-05-05 21:48:15+05:30,4704,208,37.0,34.7,82.0,855.0,69.0,63.0,,,,
2024-05-05 21:49:40+05:30,4705,212,37.0,34.7,82.0,1144.0,113.0,62.0,,,,
2024-05-05 21:50:24+05:30,4706,212,37.0,34.7,82.0,1188.0,120.0,68.0,,,,
2024-05-05 21:51:46+05:30,4707,211,37.0,35.2,81.0,1242.0,128.0,65.0,,,,
2024-05-05 21:52:33+05:30,4708,213,38.0,34.7,82.0,1513.0,180.0,64.0,,,,
2024-05-05 21:53:15+05:30,4709,215,38.0,34.7,82.0,1324.0,140.0,66.0,,,,
2024-05-05 21:54:38+05:30,4710,213,37.0,34.7,82.0,949.0,83.0,65.0,,,,
2024-05-05 21:55:24+05:30,4711,213,37.0,34.7,82.0,1508.0,177.0,66.0,,,,
2024-05-05 21:56:48+05:30,4712,215,38.0,34.7,82.0,1330.0,141.0,66.0,,,,
2024-05-05 21:58:16+05:30,4713,211,37.0,34.7,82.0,997.0,90.0,67.0,,,,
2024-05-05 21:59:39+05:30,4714,211,37.0,34.7,82.0,1285.0,134.0,67.0,,,,
2024-05-05 22:00:26+05:30,4715,212,38.0,34.7,82.0,1168.0,117.0,66.0,,,,
2024-05-05 22:01:51+05:30,4716,209,37.0,34.7,82.0,1341.0,143.0,66.0,,,,
2024-05-05 22:02:33+05:30,4717,211,37.0,34.7,82.0,983.0,88.0,65.0,,,,
2024-05-05 22:03:15+05:30,4718,209,37.0,34.7,82.0,1131.0,111.0,69.0,,,,
2024-05-05 22:04:37+05:30,4719,217,38.0,34.7,82.0,1118.0,109.0,65.0,,,,
2024-05-05 22:05:22+05:30,4720,214,37.0,34.7,82.0,1245.0,128.0,65.0,,,,
2024-05-05 22:06:44+05:30,4721,217,37.0,35.2,81.0,1144.0,113.0,64.0,,,,
2024-05-05 22:07:26+05:30,4722,216,37.0,35.2,80.0,1204.0,122.0,61.0,,,,
2024-05-05 22:08:48+05:30,4723,218,38.0,35.2,80.0,765.0,55.0,62.0,,,,
2024-05-05 22:09:30+05:30,4724,216,37.0,35.2,80.0,1110.0,108.0,63.0,,,,
2024-05-05 22:10:12+05:30,4725,214,37.0,35.2,80.0,990.0,89.0,60.0,,,,
2024-05-05 22:11:33+05:30,4726,213,37.0,35.2,80.0,964.0,85.0,60.0,,,,
2024-05-05 22:12:15+05:30,4727,212,37.0,35.2,79.0,907.0,77.0,57.0,,,,
2024-05-05 22:13:38+05:30,4728,211,37.0,35.2,79.0,668.0,40.0,57.0,,,,
2024-05-05 22:14:20+05:30,4729,210,37.0,35.2,79.0,774.0,56.0,59.0,,,,
2024-05-05 22:15:44+05:30,4730,207,37.0,35.2,79.0,895.0,75.0,61.0,,,,
2024-05-05 22:16:30+05:30,4731,209,37.0,35.2,79.0,874.0,72.0,57.0,,,,
2024-05-05 22:17:12+05:30,4732,207,37.0,35.2,79.0,742.0,52.0,59.0,,,,
2024-05-05 22:18:34+05:30,4733,208,37.0,35.2,79.0,1009.0,92.0,58.0,,,,
2024-05-05 22:19:16+05:30,4734,210,37.0,35.2,79.0,1044.0,98.0,57.0,,,,
2024-05-05 22:20:38+05:30,4735,213,37.0,35.2,79.0,972.0,87.0,58.0,,,,
2024-05-05 22:21:20+05:30,4736,214,37.0,35.2,79.0,933.0,81.0,56.0,,,,
2024-05-05 22:22:44+05:30,4737,214,37.0,35.2,79.0,1012.0,93.0,58.0,,,,
2024-05-05 22:23:26+05:30,4738,214,37.0,35.2,79.0,872.0,71.0,56.0,,,,
2024-05-05 22:24:49+05:30,4739,212,37.0,35.2,79.0,825.0,64.0,56.0,,,,
2024-05-05 22:25:30+05:30,4740,210,37.0,35.2,79.0,1174.0,117.0,58.0,,,,
2024-05-05 22:26:13+05:30,4741,217,37.0,35.2,79.0,1204.0,122.0,57.0,,,,
2024-05-05 22:27:35+05:30,4742,221,38.0,35.2,79.0,1352.0,145.0,57.0,,,,
2024-05-05 22:29:49+05:30,4743,231,38.0,35.2,79.0,1522.0,186.0,57.0,,,,
2024-05-05 22:31:19+05:30,4744,230,38.0,35.2,79.0,1548.0,206.0,58.0,,,,
2024-05-05 22:32:41+05:30,4745,228,38.0,35.2,79.0,1181.0,118.0,58.0,,,,
2024-05-05 22:33:23+05:30,4746,224,38.0,35.2,79.0,1474.0,163.0,61.0,,,,
2024-05-05 22:34:45+05:30,4747,224,38.0,35.2,79.0,1212.0,123.0,57.0,,,,
2024-05-05 22:35:26+05:30,4748,221,38.0,35.2,79.0,1032.0,96.0,57.0,,,,
2024-05-05 22:36:48+05:30,4749,220,38.0,35.2,79.0,983.0,88.0,57.0,,,,
2024-05-05 22:37:30+05:30,4750,222,38.0,35.2,79.0,1288.0,135.0,57.0,,,,
2024-05-05 22:38:52+05:30,4751,222,38.0,35.2,79.0,1352.0,145.0,60.0,,,,
2024-05-05 22:39:34+05:30,4752,223,38.0,35.2,80.0,1535.0,196.0,59.0,,,,
2024-05-05 22:40:16+05:30,4753,227,38.0,35.2,80.0,1525.0,188.0,58.0,,,,
2024-05-05 22:41:38+05:30,4754,228,38.0,35.2,80.0,1134.0,111.0,57.0,,,,
2024-05-05 22:42:20+05:30,4755,221,38.0,35.2,79.0,1171.0,117.0,56.0,,,,
2024-05-05 22:43:41+05:30,4756,220,38.0,35.2,79.0,1113.0,108.0,57.0,,,,
2024-05-05 22:44:23+05:30,4757,223,38.0,35.2,79.0,1509.0,178.0,56.0,,,,
2024-05-05 22:45:46+05:30,4758,224,38.0,35.2,79.0,1295.0,136.0,58.0,,,,
2024-05-05 22:46:28+05:30,4759,228,38.0,35.2,80.0,1615.0,259.0,58.0,,,,
2024-05-05 22:47:50+05:30,4760,234,38.0,35.2,80.0,1514.0,181.0,58.0,,,,
2024-05-05 22:48:33+05:30,4761,231,38.0,35.2,80.0,1559.0,212.0,56.0,,,,
2024-05-05 22:49:15+05:30,4762,233,38.0,35.2,80.0,1513.0,180.0,56.0,,,,
2024-05-05 22:50:38+05:30,4763,232,38.0,35.2,80.0,1559.0,212.0,56.0,,,,
2024-05-05 22:51:19+05:30,4764,236,38.0,35.2,80.0,1659.0,297.0,58.0,,,,
2024-05-05 22:52:41+05:30,4765,239,39.0,35.2,80.0,1680.0,319.0,57.0,,,,
2024-05-05 22:53:23+05:30,4766,240,39.0,35.2,80.0,1586.0,233.0,56.0,,,,
2024-05-05 22:54:45+05:30,4767,239,39.0,35.2,79.0,1560.0,214.0,55.0,,,,
2024-05-05 22:55:27+05:30,4768,240,39.0,35.2,79.0,1582.0,230.0,55.0,,,,
2024-05-05 22:56:49+05:30,4769,238,38.0,35.2,79.0,1526.0,189.0,56.0,,,,
2024-05-05 22:57:30+05:30,4770,238,38.0,35.2,79.0,1677.0,315.0,57.0,,,,
2024-05-05 22:58:53+05:30,4771,249,39.0,35.2,79.0,1628.0,270.0,56.0,,,,
2024-05-05 22:59:35+05:30,4772,244,39.0,35.2,79.0,1645.0,286.0,56.0,,,,
2024-05-05 23:00:16+05:30,4773,250,39.0,35.2,79.0,1665.0,304.0,56.0,,,,
2024-05-05 23:01:38+05:30,4774,249,39.0,35.2,80.0,1657.0,296.0,56.0,,,,
2024-05-05 23:02:20+05:30,4775,250,39.0,35.2,79.0,1674.0,313.0,55.0,,,,
2024-05-05 23:03:41+05:30,4776,251,39.0,35.2,79.0,1704.0,342.0,57.0,,,,
2024-05-05 23:04:23+05:30,4777,252,39.0,35.2,79.0,1673.0,312.0,56.0,,,,
2024-05-05 23:05:45+05:30,4778,252,39.0,35.2,79.0,1691.0,330.0,55.0,,,,
2024-05-05 23:06:27+05:30,4779,252,39.0,35.6,78.0,1677.0,316.0,55.0,,,,
2024-05-05 23:07:48+05:30,4780,251,39.0,35.6,78.0,1641.0,283.0,51.0,,,,
2024-05-05 23:08:29+05:30,4781,250,39.0,35.6,77.0,1594.0,239.0,52.0,,,,
2024-05-05 23:09:51+05:30,4782,247,39.0,35.6,77.0,1655.0,294.0,53.0,,,,
2024-05-05 23:10:33+05:30,4783,247,39.0,35.6,77.0,1624.0,266.0,52.0,,,,
2024-05-05 23:11:55+05:30,4784,248,39.0,35.6,77.0,1607.0,252.0,50.0,,,,
2024-05-05 23:12:36+05:30,4785,249,39.0,35.6,77.0,1651.0,290.0,51.0,,,,
2024-05-05 23:13:18+05:30,4786,250,39.0,35.6,77.0,1647.0,287.0,50.0,,,,
2024-05-05 23:14:40+05:30,4787,250,39.0,35.6,77.0,1601.0,246.0,51.0,,,,
2024-05-05 23:15:22+05:30,4788,247,38.0,35.6,77.0,1601.0,246.0,50.0,,,,
2024-05-05 23:16:44+05:30,4789,244,38.0,35.6,77.0,1535.0,196.0,49.0,,,,
2024-05-05 23:17:25+05:30,4790,243,38.0,35.6,77.0,1536.0,196.0,50.0,,,,
2024-05-05 23:18:47+05:30,4791,241,38.0,35.6,77.0,1526.0,189.0,49.0,,,,
2024-05-05 23:19:29+05:30,4792,241,38.0,35.6,77.0,1552.0,208.0,50.0,,,,
2024-05-05 23:20:51+05:30,4793,243,38.0,35.6,77.0,1470.0,163.0,50.0,,,,
2024-05-05 23:21:33+05:30,4794,240,38.0,35.6,77.0,1502.0,173.0,50.0,,,,
2024-05-05 23:22:55+05:30,4795,240,38.0,35.6,77.0,1360.0,146.0,48.0,,,,
2024-05-05 23:23:37+05:30,4796,237,38.0,35.6,77.0,1429.0,156.0,49.0,,,,
2024-05-05 23:24:19+05:30,4797,236,38.0,35.6,77.0,1242.0,128.0,48.0,,,,
2024-05-05 23:25:41+05:30,4798,235,38.0,35.6,77.0,1324.0,140.0,49.0,,,,
2024-05-05 23:26:23+05:30,4799,233,38.0,35.6,77.0,1228.0,126.0,49.0,,,,
2024-05-05 23:27:45+05:30,4800,240,38.0,35.6,77.0,1288.0,135.0,48.0,,,,
2024-05-05 23:28:27+05:30,4801,238,38.0,35.6,77.0,1140.0,112.0,48.0,,,,
2024-05-05 23:29:48+05:30,4802,237,38.0,35.6,77.0,1065.0,101.0,48.0,,,,
2024-05-05 23:30:30+05:30,4803,238,38.0,35.6,77.0,1389.0,150.0,48.0,,,,
2024-05-05 23:31:53+05:30,4804,236,38.0,35.6,77.0,1432.0,157.0,49.0,,,,
2024-05-05 23:32:34+05:30,4805,241,38.0,35.6,77.0,1487.0,165.0,48.0,,,,
2024-05-05 23:33:56+05:30,4806,242,38.0,35.6,77.0,1071.0,102.0,49.0,,,,
2024-05-05 23:34:37+05:30,4807,234,38.0,35.6,77.0,1178.0,118.0,48.0,,,,
2024-05-05 23:35:19+05:30,4808,232,37.0,35.6,77.0,977.0,87.0,48.0,,,,
2024-05-05 23:36:41+05:30,4809,231,37.0,35.6,77.0,1110.0,108.0,49.0,,,,
2024-05-05 23:37:22+05:30,4810,229,37.0,35.6,77.0,1090.0,105.0,48.0,,,,
2024-05-05 23:38:44+05:30,4811,228,37.0,35.2,77.0,1105.0,107.0,47.0,,,,
2024-05-05 23:39:26+05:30,4812,230,37.0,35.2,78.0,1159.0,115.0,48.0,,,,
2024-05-05 23:40:48+05:30,4813,228,37.0,35.2,78.0,1077.0,103.0,48.0,,,,
2024-05-05 23:41:30+05:30,4814,232,37.0,35.2,78.0,1310.0,138.0,49.0,,,,
2024-05-05 23:42:51+05:30,4815,235,38.0,35.2,78.0,1245.0,128.0,49.0,,,,
2024-05-05 23:43:33+05:30,4816,237,38.0,35.2,78.0,1341.0,143.0,49.0,,,,
2024-05-05 23:44:55+05:30,4817,244,38.0,35.2,78.0,1299.0,136.0,50.0,,,,
2024-05-05 23:45:36+05:30,4818,240,38.0,35.2,78.0,1147.0,113.0,49.0,,,,
2024-05-05 23:46:58+05:30,4819,235,38.0,35.2,78.0,1201.0,122.0,48.0,,,,
2024-05-05 23:47:40+05:30,4820,241,38.0,35.2,78.0,1330.0,141.0,49.0,,,,
2024-05-05 23:48:22+05:30,4821,239,38.0,35.2,77.0,1068.0,101.0,49.0,,,,
2024-05-05 23:49:44+05:30,4822,236,38.0,35.2,77.0,1231.0,126.0,48.0,,,,
2024-05-05 23:50:26+05:30,4823,236,38.0,35.2,77.0,1053.0,99.0,48.0,,,,
2024-05-05 23:51:48+05:30,4824,233,38.0,35.2,77.0,874.0,72.0,48.0,,,,
2024-05-05 23:52:30+05:30,4825,236,38.0,35.2,77.0,1285.0,134.0,48.0,,,,
2024-05-05 23:53:51+05:30,4826,235,38.0,35.2,77.0,1065.0,101.0,47.0,,,,
2024-05-05 23:54:33+05:30,4827,229,38.0,35.2,77.0,907.0,77.0,47.0,,,,
2024-05-05 23:55:54+05:30,4828,226,37.0,35.2,77.0,768.0,56.0,47.0,,,,
2024-05-05 23:56:36+05:30,4829,225,37.0,35.2,77.0,907.0,77.0,48.0,,,,
2024-05-05 23:57:58+05:30,4830,226,37.0,35.2,77.0,882.0,73.0,49.0,,,,
2024-05-05 23:58:40+05:30,4831,223,37.0,35.2,77.0,776.0,57.0,48.0,,,,
2024-05-05 23:59:21+05:30,4832,218,37.0,35.2,77.0,800.0,60.0,48.0,,,,
2024-05-06 00:00:43+05:30,4833,219,37.0,35.2,77.0,851.0,68.0,48.0,,,,
2024-05-06 00:01:25+05:30,4834,222,37.0,35.2,77.0,909.0,77.0,46.0,,,,
2024-05-06 00:02:47+05:30,4835,226,37.0,35.2,77.0,997.0,90.0,46.0,,,,
2024-05-06 00:03:28+05:30,4836,227,37.0,35.2,77.0,1071.0,102.0,46.0,,,,
2024-05-06 00:04:50+05:30,4837,226,37.0,35.2,77.0,997.0,90.0,47.0,,,,
2024-05-06 00:05:32+05:30,4838,226,37.0,35.2,77.0,997.0,90.0,46.0,,,,
2024-05-06 00:06:54+05:30,4839,227,37.0,35.2,77.0,1093.0,105.0,46.0,,,,
2024-05-06 00:07:35+05:30,4840,229,37.0,35.2,77.0,1053.0,99.0,48.0,,,,
2024-05-06 00:08:57+05:30,4841,229,37.0,35.2,77.0,1014.0,93.0,49.0,,,,
2024-05-06 00:09:40+05:30,4842,229,37.0,35.2,77.0,951.0,83.0,48.0,,,,
2024-05-06 00:10:22+05:30,4843,230,38.0,35.2,77.0,1004.0,92.0,48.0,,,,
2024-05-06 00:11:44+05:30,4844,226,37.0,35.2,77.0,1029.0,95.0,48.0,,,,
2024-05-06 00:12:25+05:30,4845,229,37.0,35.2,77.0,1118.0,109.0,49.0,,,,
2024-05-06 00:13:48+05:30,4846,232,38.0,35.2,78.0,1153.0,114.0,48.0,,,,
2024-05-06 00:14:29+05:30,4847,233,38.0,35.2,78.0,1099.0,106.0,48.0,,,,
2024-05-06 00:15:50+05:30,4848,229,38.0,35.2,78.0,1128.0,110.0,48.0,,,,
2024-05-06 00:16:32+05:30,4849,233,38.0,35.2,78.0,1178.0,118.0,49.0,,,,
2024-05-06 00:17:54+05:30,4850,232,37.0,35.2,78.0,1102.0,106.0,48.0,,,,
2024-05-06 00:18:36+05:30,4851,231,38.0,35.2,77.0,997.0,90.0,49.0,,,,
2024-05-06 00:19:58+05:30,4852,231,38.0,35.2,77.0,1032.0,96.0,48.0,,,,
2024-05-06 00:20:39+05:30,4853,230,38.0,35.2,77.0,1071.0,102.0,48.0,,,,
2024-05-06 00:22:01+05:30,4854,229,37.0,35.2,77.0,1071.0,102.0,53.0,,,,
2024-05-06 00:22:43+05:30,4855,232,37.0,35.2,79.0,1235.0,127.0,58.0,,,,
2024-05-06 00:23:25+05:30,4856,235,38.0,35.2,81.0,1044.0,98.0,52.0,,,,
2024-05-06 00:24:47+05:30,4857,237,38.0,35.2,81.0,1212.0,123.0,53.0,,,,
2024-05-06 00:25:28+05:30,4858,239,38.0,35.2,80.0,1242.0,128.0,52.0,,,,
2024-05-06 00:26:50+05:30,4859,241,38.0,35.2,80.0,1181.0,118.0,53.0,,,,
2024-05-06 00:27:32+05:30,4860,239,38.0,35.2,80.0,1012.0,93.0,53.0,,,,
2024-05-06 00:28:54+05:30,4861,233,38.0,35.2,80.0,990.0,89.0,50.0,,,,
2024-05-06 00:29:35+05:30,4862,232,37.0,35.2,79.0,915.0,78.0,51.0,,,,
2024-05-06 00:30:57+05:30,4863,231,37.0,34.7,80.0,891.0,74.0,50.0,,,,
2024-05-06 00:31:39+05:30,4864,230,37.0,34.7,81.0,882.0,73.0,52.0,,,,
2024-05-06 00:33:01+05:30,4865,230,37.0,34.7,81.0,956.0,84.0,52.0,,,,
2024-05-06 00:33:43+05:30,4866,231,37.0,34.7,81.0,877.0,72.0,52.0,,,,
2024-05-06 00:34:25+05:30,4867,231,37.0,34.7,81.0,945.0,83.0,53.0,,,,
2024-05-06 00:35:48+05:30,4868,231,37.0,34.7,81.0,813.0,62.0,53.0,,,,
2024-05-06 00:36:29+05:30,4869,229,37.0,34.7,81.0,817.0,63.0,52.0,,,,
2024-05-06 00:37:51+05:30,4870,224,37.0,34.7,81.0,851.0,68.0,49.0,,,,
2024-05-06 00:38:33+05:30,4871,227,37.0,34.7,81.0,800.0,60.0,53.0,,,,
2024-05-06 00:39:54+05:30,4872,229,37.0,34.7,81.0,907.0,77.0,56.0,,,,
2024-05-06 00:40:36+05:30,4873,231,37.0,34.7,81.0,868.0,71.0,54.0,,,,
2024-05-06 00:41:58+05:30,4874,227,37.0,34.7,81.0,752.0,53.0,55.0,,,,
2024-05-06 00:42:40+05:30,4875,224,37.0,34.7,81.0,728.0,49.0,53.0,,,,
2024-05-06 00:44:02+05:30,4876,223,37.0,34.7,81.0,785.0,58.0,52.0,,,,
2024-05-06 00:44:43+05:30,4877,225,37.0,34.7,81.0,848.0,68.0,53.0,,,,
2024-05-06 00:45:25+05:30,4878,226,37.0,34.7,81.0,815.0,63.0,51.0,,,,
2024-05-06 00:46:47+05:30,4879,226,37.0,34.7,81.0,895.0,75.0,51.0,,,,
2024-05-06 00:47:29+05:30,4880,228,37.0,34.7,81.0,909.0,77.0,51.0,,,,
2024-05-06 00:48:51+05:30,4881,228,37.0,34.7,81.0,857.0,69.0,51.0,,,,
2024-05-06 00:49:33+05:30,4882,228,37.0,34.7,80.0,900.0,76.0,50.0,,,,
2024-05-06 00:50:54+05:30,4883,229,37.0,34.7,80.0,827.0,65.0,51.0,,,,
2024-05-06 00:51:36+05:30,4884,228,37.0,34.7,80.0,874.0,72.0,49.0,,,,
2024-05-06 00:52:57+05:30,4885,227,37.0,34.7,80.0,882.0,73.0,51.0,,,,
2024-05-06 00:53:39+05:30,4886,226,37.0,34.7,79.0,891.0,74.0,50.0,,,,
2024-05-06 00:55:02+05:30,4887,224,37.0,34.7,79.0,855.0,69.0,51.0,,,,
2024-05-06 00:55:44+05:30,4888,222,37.0,34.7,80.0,804.0,61.0,66.0,,,,
2024-05-06 00:56:26+05:30,4889,222,37.0,34.7,82.0,778.0,57.0,64.0,,,,
2024-05-06 00:57:49+05:30,4890,222,37.0,34.7,83.0,652.0,38.0,68.0,,,,
2024-05-06 00:58:32+05:30,4891,218,37.0,34.7,84.0,742.0,52.0,52.0,,,,
2024-05-06 00:59:59+05:30,4892,222,37.0,34.7,83.0,599.0,30.0,60.0,,,,
2024-05-06 01:00:43+05:30,4893,222,37.0,34.2,84.0,584.0,28.0,60.0,,,,
2024-05-06 01:02:05+05:30,4894,221,37.0,34.2,84.0,600.0,30.0,59.0,,,,
2024-05-06 01:02:46+05:30,4895,221,37.0,34.2,84.0,853.0,69.0,61.0,,,,
2024-05-06 01:03:31+05:30,4896,227,37.0,34.2,84.0,863.0,70.0,66.0,,,,
2024-05-06 01:04:54+05:30,4897,231,37.0,34.2,85.0,798.0,60.0,71.0,,,,
2024-05-06 01:05:36+05:30,4898,225,37.0,34.2,86.0,712.0,47.0,58.0,,,,
2024-05-06 01:06:58+05:30,4899,219,37.0,34.2,86.0,555.0,23.0,52.0,,,,
2024-05-06 01:07:40+05:30,4900,214,37.0,34.2,85.0,574.0,26.0,50.0,,,,
2024-05-06 01:09:02+05:30,4901,210,36.0,34.2,83.0,694.0,44.0,49.0,,,,
2024-05-06 01:09:43+05:30,4902,207,36.0,34.2,83.0,603.0,30.0,47.0,,,,
2024-05-06 01:11:06+05:30,4903,206,36.0,34.2,83.0,770.0,56.0,51.0,,,,
2024-05-06 01:11:50+05:30,4904,212,36.0,34.2,84.0,813.0,62.0,54.0,,,,
2024-05-06 01:12:35+05:30,4905,215,37.0,34.2,85.0,770.0,56.0,49.0,,,,
2024-05-06 01:13:58+05:30,4906,212,36.0,34.2,85.0,715.0,47.0,51.0,,,,
2024-05-06 01:14:39+05:30,4907,212,36.0,34.2,84.0,737.0,51.0,49.0,,,,
2024-05-06 01:16:02+05:30,4908,212,37.0,34.2,84.0,744.0,52.0,49.0,,,,
2024-05-06 01:16:44+05:30,4909,212,37.0,34.2,84.0,735.0,51.0,49.0,,,,
2024-05-06 01:18:09+05:30,4910,213,36.0,34.2,84.0,735.0,51.0,48.0,,,,
2024-05-06 01:18:51+05:30,4911,211,37.0,34.2,84.0,774.0,56.0,49.0,,,,
2024-05-06 01:19:33+05:30,4912,210,37.0,33.9,84.0,795.0,60.0,48.0,,,,
2024-05-06 01:20:55+05:30,4913,212,37.0,34.2,83.0,918.0,78.0,46.0,,,,
2024-05-06 01:21:37+05:30,4914,214,37.0,34.2,83.0,880.0,73.0,47.0,,,,
2024-05-06 01:22:59+05:30,4915,216,37.0,34.2,83.0,1163.0,116.0,44.0,,,,
2024-05-06 01:23:42+05:30,4916,224,37.0,34.2,82.0,1508.0,177.0,44.0,,,,
2024-05-06 01:25:04+05:30,4917,228,38.0,34.2,82.0,1530.0,192.0,48.0,,,,
2024-05-06 01:25:45+05:30,4918,241,38.0,34.2,82.0,1673.0,312.0,44.0,,,,
2024-05-06 01:27:07+05:30,4919,254,39.0,34.2,82.0,1628.0,270.0,46.0,,,,
2024-05-06 01:27:49+05:30,4920,257,39.0,34.2,82.0,1707.0,346.0,47.0,,,,
2024-05-06 01:28:31+05:30,4921,266,40.0,34.2,82.0,1738.0,377.0,52.0,,,,
2024-05-06 01:29:54+05:30,4922,282,41.0,34.2,82.0,1813.0,465.0,48.0,,,,
2024-05-06 01:30:36+05:30,4923,281,41.0,34.2,82.0,1842.0,504.0,51.0,,,,
2024-05-06 01:31:59+05:30,4924,295,42.0,34.2,83.0,1892.0,573.0,50.0,,,,
2024-05-06 01:32:40+05:30,4925,301,42.0,34.2,82.0,1956.0,672.0,50.0,,,,
2024-05-06 01:34:03+05:30,4926,313,43.0,34.5,83.0,1919.0,614.0,47.0,,,,
2024-05-06 01:34:45+05:30,4927,307,43.0,34.7,82.0,2191.0,1124.0,50.0,,,,
2024-05-06 01:36:08+05:30,4928,311,43.0,34.7,82.0,2132.0,990.0,53.0,,,,
2024-05-06 01:36:50+05:30,4929,315,44.0,34.7,82.0,2191.0,1124.0,50.0,,,,
2024-05-06 01:37:31+05:30,4930,316,44.0,34.7,82.0,1986.0,723.0,49.0,,,,
2024-05-06 01:38:53+05:30,4931,320,44.0,34.7,82.0,2052.0,829.0,48.0,,,,
2024-05-06 01:39:35+05:30,4932,321,44.0,34.7,82.0,2070.0,865.0,49.0,,,,
2024-05-06 01:40:57+05:30,4933,329,45.0,34.7,82.0,2261.0,1267.0,49.0,,,,
2024-05-06 01:41:39+05:30,4934,332,45.0,34.7,82.0,2132.0,987.0,55.0,,,,
2024-05-06 01:43:01+05:30,4935,330,45.0,34.7,82.0,2098.0,917.0,49.0,,,,
2024-05-06 01:43:42+05:30,4936,325,44.0,34.7,82.0,2064.0,849.0,49.0,,,,
2024-05-06 01:45:04+05:30,4937,330,45.0,34.7,82.0,2126.0,976.0,49.0,,,,
2024-05-06 01:45:46+05:30,4938,332,45.0,34.2,82.0,2082.0,886.0,50.0,,,,
2024-05-06 01:47:08+05:30,4939,334,45.0,34.7,82.0,2172.0,1080.0,50.0,,,,
2024-05-06 01:47:50+05:30,4940,344,46.0,34.7,82.0,2430.0,1628.0,50.0,,,,
2024-05-06 01:48:32+05:30,4941,353,47.0,34.7,82.0,2347.0,1453.0,49.0,,,,
2024-05-06 01:49:55+05:30,4942,370,48.0,34.7,82.0,2305.0,1371.0,50.0,,,,
2024-05-06 01:50:37+05:30,4943,371,48.0,34.7,82.0,2579.0,1946.0,50.0,,,,
2024-05-06 01:52:00+05:30,4944,362,48.0,34.7,82.0,2486.0,1753.0,50.0,,,,
2024-05-06 01:52:42+05:30,4945,368,48.0,34.7,82.0,2486.0,1753.0,50.0,,,,
2024-05-06 01:54:05+05:30,4946,366,48.0,34.7,82.0,2363.0,1490.0,52.0,,,,
2024-05-06 01:54:47+05:30,4947,362,47.0,34.7,82.0,2486.0,1753.0,50.0,,,,
2024-05-06 01:56:08+05:30,4948,360,47.0,34.7,82.0,2353.0,1463.0,49.0,,,,
2024-05-06 01:56:50+05:30,4949,359,48.0,34.7,82.0,2485.0,1743.0,55.0,,,,
2024-05-06 01:57:32+05:30,4950,359,47.0,34.7,83.0,2342.0,1443.0,53.0,,,,
2024-05-06 01:58:53+05:30,4951,368,48.0,34.7,83.0,2492.0,1763.0,50.0,,,,
2024-05-06 01:59:35+05:30,4952,367,48.0,34.7,82.0,2483.0,1743.0,49.0,,,,
2024-05-06 02:00:58+05:30,4953,362,48.0,34.7,82.0,2530.0,1845.0,55.0,,,,
2024-05-06 02:01:39+05:30,4954,376,49.0,34.7,82.0,2584.0,1961.0,50.0,,,,
2024-05-06 02:03:01+05:30,4955,375,49.0,34.7,82.0,2572.0,1930.0,49.0,,,,
2024-05-06 02:03:43+05:30,4956,371,49.0,34.7,82.0,2488.0,1758.0,50.0,,,,
2024-05-06 02:05:05+05:30,4957,371,49.0,34.7,82.0,2481.0,1738.0,50.0,,,,
2024-05-06 02:05:46+05:30,4958,373,49.0,34.7,82.0,2481.0,1738.0,48.0,,,,
2024-05-06 02:07:09+05:30,4959,355,47.0,34.7,82.0,2332.0,1423.0,47.0,,,,
2024-05-06 02:07:51+05:30,4960,356,47.0,34.7,82.0,2224.0,1197.0,46.0,,,,
2024-05-06 02:08:33+05:30,4961,354,47.0,34.7,82.0,2279.0,1315.0,47.0,,,,
2024-05-06 02:09:55+05:30,4962,364,48.0,34.7,82.0,2480.0,1733.0,48.0,,,,
2024-05-06 02:10:38+05:30,4963,360,48.0,34.7,82.0,2303.0,1367.0,48.0,,,,
2024-05-06 02:11:59+05:30,4964,372,49.0,34.7,82.0,2232.0,1207.0,48.0,,,,
2024-05-06 02:12:41+05:30,4965,339,46.0,34.7,82.0,2094.0,906.0,46.0,,,,
2024-05-06 02:14:03+05:30,4966,353,47.0,34.7,81.0,2392.0,1552.0,50.0,,,,
2024-05-06 02:14:45+05:30,4967,371,49.0,34.7,82.0,2478.0,1728.0,49.0,,,,
2024-05-06 02:16:07+05:30,4968,362,48.0,34.7,82.0,2345.0,1452.0,48.0,,,,
2024-05-06 02:16:48+05:30,4969,374,49.0,34.7,82.0,2436.0,1643.0,49.0,,,,
2024-05-06 02:18:10+05:30,4970,363,48.0,34.7,82.0,2372.0,1506.0,47.0,,,,
2024-05-06 02:18:52+05:30,4971,363,48.0,34.7,82.0,2476.0,1728.0,46.0,,,,
2024-05-06 02:19:35+05:30,4972,352,47.0,34.7,82.0,2236.0,1211.0,46.0,,,,
2024-05-06 02:20:57+05:30,4973,350,47.0,34.7,82.0,2318.0,1399.0,46.0,,,,
2024-05-06 02:21:38+05:30,4974,341,47.0,34.7,81.0,2130.0,984.0,47.0,,,,
2024-05-06 02:23:00+05:30,4975,348,47.0,34.7,81.0,2172.0,1080.0,48.0,,,,
2024-05-06 02:23:42+05:30,4976,348,47.0,34.7,82.0,2182.0,1098.0,47.0,,,,
2024-05-06 02:25:04+05:30,4977,349,47.0,34.2,82.0,2160.0,1045.0,47.0,,,,
2024-05-06 02:25:46+05:30,4978,341,47.0,34.2,82.0,2066.0,854.0,47.0,,,,
2024-05-06 02:27:08+05:30,4979,335,46.0,34.2,82.0,1950.0,664.0,50.0,,,,
2024-05-06 02:27:49+05:30,4980,331,46.0,34.2,82.0,2076.0,872.0,50.0,,,,
2024-05-06 02:29:11+05:30,4981,340,46.0,34.2,82.0,2242.0,1225.0,50.0,,,,
2024-05-06 02:29:53+05:30,4982,351,48.0,34.2,82.0,2265.0,1277.0,48.0,,,,
2024-05-06 02:31:14+05:30,4983,349,47.0,34.2,82.0,2298.0,1352.0,50.0,,,,
2024-05-06 02:31:56+05:30,4984,355,48.0,34.2,82.0,2201.0,1142.0,50.0,,,,
2024-05-06 02:32:38+05:30,4985,353,48.0,34.2,82.0,2230.0,1202.0,50.0,,,,
2024-05-06 02:34:00+05:30,4986,349,47.0,34.2,82.0,2210.0,1161.0,50.0,,,,
2024-05-06 02:34:41+05:30,4987,347,47.0,34.2,82.0,2220.0,1188.0,49.0,,,,
2024-05-06 02:36:03+05:30,4988,343,47.0,34.2,82.0,2168.0,1071.0,49.0,,,,
2024-05-06 02:36:45+05:30,4989,342,47.0,34.2,82.0,2178.0,1088.0,48.0,,,,
2024-05-06 02:38:07+05:30,4990,337,46.0,34.2,82.0,2096.0,913.0,49.0,,,,
2024-05-06 02:38:49+05:30,4991,337,46.0,34.2,82.0,2144.0,1018.0,49.0,,,,
2024-05-06 02:40:11+05:30,4992,336,46.0,34.2,82.0,2076.0,872.0,48.0,,,,
2024-05-06 02:40:53+05:30,4993,331,46.0,34.2,82.0,2007.0,760.0,47.0,,,,
2024-05-06 02:42:15+05:30,4994,327,46.0,34.2,82.0,1917.0,611.0,45.0,,,,
2024-05-06 02:42:57+05:30,4995,320,45.0,34.2,81.0,1929.0,629.0,46.0,,,,
2024-05-06 02:43:39+05:30,4996,313,44.0,34.2,82.0,1922.0,619.0,43.0,,,,
2024-05-06 02:45:01+05:30,4997,314,44.0,34.2,82.0,1849.0,514.0,43.0,,,,
2024-05-06 02:45:43+05:30,4998,300,43.0,34.2,82.0,1801.0,451.0,44.0,,,,
2024-05-06 02:47:04+05:30,4999,305,44.0,34.2,81.0,1774.0,421.0,45.0,,,,
2024-05-06 02:47:46+05:30,5000,301,43.0,34.2,81.0,1842.0,504.0,43.0,,,,
2024-05-06 02:49:07+05:30,5001,304,44.0,34.2,82.0,1731.0,369.0,45.0,,,,
2024-05-06 02:49:51+05:30,5002,312,44.0,33.8,82.0,1960.0,678.0,48.0,,,,
2024-05-06 02:51:13+05:30,5003,327,45.0,33.9,82.0,1992.0,732.0,52.0,,,,
2024-05-06 02:51:54+05:30,5004,327,45.0,34.2,83.0,2110.0,943.0,52.0,,,,
2024-05-06 02:53:16+05:30,5005,345,47.0,34.2,83.0,2218.0,1184.0,50.0,,,,
2024-05-06 02:53:58+05:30,5006,353,47.0,34.2,82.0,2189.0,1120.0,50.0,,,,
2024-05-06 02:54:40+05:30,5007,349,47.0,34.2,82.0,2207.0,1152.0,52.0,,,,
2024-05-06 02:56:02+05:30,5008,340,46.0,34.2,83.0,2064.0,849.0,54.0,,,,
2024-05-06 02:56:44+05:30,5009,346,47.0,34.2,83.0,2162.0,1049.0,53.0,,,,
2024-05-06 02:58:05+05:30,5010,340,46.0,34.2,83.0,2102.0,925.0,56.0,,,,
2024-05-06 02:58:47+05:30,5011,337,46.0,34.2,84.0,2096.0,913.0,58.0,,,,
2024-05-06 03:00:09+05:30,5012,350,47.0,34.2,84.0,2292.0,1343.0,57.0,,,,
2024-05-06 03:00:51+05:30,5013,358,48.0,34.2,84.0,2307.0,1372.0,57.0,,,,
2024-05-06 03:02:13+05:30,5014,360,48.0,34.2,83.0,2307.0,1372.0,60.0,,,,
2024-05-06 03:02:55+05:30,5015,359,48.0,34.2,84.0,2270.0,1290.0,55.0,,,,
2024-05-06 03:04:16+05:30,5016,356,48.0,34.2,83.0,2152.0,1035.0,54.0,,,,
2024-05-06 03:04:58+05:30,5017,351,47.0,34.2,83.0,2180.0,1097.0,55.0,,,,
2024-05-06 03:05:40+05:30,5018,352,48.0,34.2,83.0,2214.0,1174.0,50.0,,,,
2024-05-06 03:07:01+05:30,5019,347,47.0,34.2,83.0,2502.0,1789.0,50.0,,,,
2024-05-06 03:07:43+05:30,5020,351,48.0,34.2,82.0,2152.0,1035.0,50.0,,,,
2024-05-06 03:09:05+05:30,5021,346,47.0,34.2,82.0,2118.0,960.0,50.0,,,,
2024-05-06 03:09:46+05:30,5022,342,47.0,34.2,82.0,2114.0,948.0,50.0,,,,
2024-05-06 03:11:08+05:30,5023,341,46.0,34.2,82.0,1923.0,621.0,50.0,,,,
2024-05-06 03:11:49+05:30,5024,339,46.0,34.2,82.0,2094.0,906.0,48.0,,,,
2024-05-06 03:13:11+05:30,5025,340,46.0,33.8,82.0,2076.0,872.0,48.0,,,,
2024-05-06 03:13:52+05:30,5026,339,46.0,33.8,82.0,2072.0,862.0,48.0,,,,
2024-05-06 03:15:14+05:30,5027,337,46.0,33.8,82.0,2002.0,750.0,49.0,,,,
2024-05-06 03:15:56+05:30,5028,332,46.0,33.8,82.0,2034.0,809.0,46.0,,,,
2024-05-06 03:17:17+05:30,5029,329,45.0,33.8,82.0,2001.0,748.0,45.0,,,,
2024-05-06 03:17:59+05:30,5030,329,46.0,33.8,82.0,1994.0,736.0,47.0,,,,
2024-05-06 03:18:40+05:30,5031,323,45.0,33.8,82.0,1950.0,664.0,45.0,,,,
2024-05-06 03:20:02+05:30,5032,321,45.0,33.8,82.0,1918.0,612.0,44.0,,,,
2024-05-06 03:20:43+05:30,5033,319,45.0,33.8,82.0,1913.0,603.0,46.0,,,,
2024-05-06 03:22:05+05:30,5034,316,45.0,33.8,82.0,1918.0,612.0,45.0,,,,
2024-05-06 03:22:46+05:30,5035,313,44.0,33.8,82.0,1910.0,599.0,44.0,,,,
2024-05-06 03:24:08+05:30,5036,307,44.0,33.8,82.0,1783.0,431.0,43.0,,,,
2024-05-06 03:24:49+05:30,5037,305,44.0,33.8,82.0,1832.0,490.0,43.0,,,,
2024-05-06 03:26:11+05:30,5038,306,44.0,33.8,82.0,1852.0,518.0,45.0,,,,
2024-05-06 03:26:52+05:30,5039,306,43.0,33.8,83.0,1822.0,477.0,42.0,,,,
2024-05-06 03:28:14+05:30,5040,319,44.0,33.8,82.0,1975.0,703.0,43.0,,,,
2024-05-06 03:28:55+05:30,5041,320,45.0,33.8,82.0,1986.0,723.0,45.0,,,,
2024-05-06 03:30:17+05:30,5042,327,45.0,33.8,82.0,2020.0,784.0,45.0,,,,
2024-05-06 03:30:59+05:30,5043,326,45.0,33.8,82.0,2062.0,846.0,44.0,,,,
2024-05-06 03:32:20+05:30,5044,321,45.0,33.8,82.0,1950.0,664.0,44.0,,,,
2024-05-06 03:33:02+05:30,5045,320,45.0,33.8,82.0,1838.0,499.0,44.0,,,,
2024-05-06 03:33:43+05:30,5046,316,45.0,33.8,82.0,1879.0,554.0,45.0,,,,
2024-05-06 03:35:05+05:30,5047,313,44.0,33.8,82.0,1878.0,552.0,46.0,,,,
2024-05-06 03:35:47+05:30,5048,313,44.0,33.8,83.0,1852.0,519.0,45.0,,,,
2024-05-06 03:37:08+05:30,5049,312,44.0,33.8,83.0,1899.0,584.0,46.0,,,,
2024-05-06 03:37:50+05:30,5050,311,44.0,33.8,83.0,1833.0,492.0,45.0,,,,
2024-05-06 03:39:12+05:30,5051,307,44.0,33.8,83.0,1833.0,492.0,46.0,,,,
2024-05-06 03:39:53+05:30,5052,304,44.0,33.8,83.0,1723.0,360.0,43.0,,,,
2024-05-06 03:41:15+05:30,5053,308,44.0,33.8,83.0,1765.0,409.0,44.0,,,,
2024-05-06 03:41:57+05:30,5054,307,44.0,33.8,82.0,2066.0,854.0,46.0,,,,
2024-05-06 03:43:19+05:30,5055,325,46.0,33.8,83.0,1934.0,639.0,46.0,,,,
2024-05-06 03:44:00+05:30,5056,317,45.0,33.8,83.0,1875.0,548.0,46.0,,,,
2024-05-06 03:44:41+05:30,5057,318,45.0,33.8,83.0,1939.0,647.0,48.0,,,,
2024-05-06 03:46:03+05:30,5058,316,44.0,33.8,83.0,1880.0,555.0,47.0,,,,
2024-05-06 03:46:45+05:30,5059,318,45.0,33.8,83.0,1946.0,657.0,46.0,,,,
2024-05-06 03:48:06+05:30,5060,323,45.0,33.8,82.0,1977.0,707.0,46.0,,,,
2024-05-06 03:48:48+05:30,5061,325,45.0,33.8,82.0,1982.0,716.0,47.0,,,,
2024-05-06 03:50:10+05:30,5062,328,45.0,33.8,82.0,2020.0,784.0,46.0,,,,
2024-05-06 03:50:51+05:30,5063,328,45.0,33.8,81.0,2076.0,875.0,46.0,,,,
2024-05-06 03:52:12+05:30,5064,344,47.0,33.8,79.0,2272.0,1291.0,46.0,,,,
2024-05-06 03:52:54+05:30,5065,351,48.0,33.8,80.0,2322.0,1404.0,46.0,,,,
2024-05-06 03:54:16+05:30,5066,354,48.0,33.8,79.0,2285.0,1329.0,47.0,,,,
2024-05-06 03:54:58+05:30,5067,351,48.0,33.8,78.0,2432.0,1633.0,46.0,,,,
2024-05-06 03:56:20+05:30,5068,357,48.0,33.9,78.0,2519.0,1824.0,45.0,,,,
2024-05-06 03:57:01+05:30,5069,361,49.0,34.2,78.0,2601.0,1997.0,46.0,,,,
2024-05-06 03:57:43+05:30,5070,365,49.0,34.2,79.0,2594.0,1976.0,47.0,,,,
2024-05-06 03:59:05+05:30,5071,373,50.0,34.2,79.0,2898.0,2631.0,46.0,,,,
2024-05-06 03:59:47+05:30,5072,379,51.0,34.2,79.0,2826.0,2484.0,47.0,,,,
2024-05-06 04:01:08+05:30,5073,383,51.0,34.2,80.0,2823.0,2485.0,48.0,,,,
2024-05-06 04:01:50+05:30,5074,382,51.0,34.2,81.0,2786.0,2404.0,47.0,,,,
2024-05-06 04:03:11+05:30,5075,386,52.0,34.2,81.0,2952.0,2745.0,46.0,,,,
2024-05-06 04:03:53+05:30,5076,390,53.0,34.2,80.0,3002.0,2854.0,48.0,,,,
2024-05-06 04:05:15+05:30,5077,397,53.0,34.2,81.0,3036.0,2922.0,49.0,,,,
2024-05-06 04:05:56+05:30,5078,398,54.0,34.2,81.0,3123.0,3116.0,48.0,,,,
2024-05-06 04:07:18+05:30,5079,400,54.0,34.2,81.0,3235.0,3360.0,49.0,,,,
2024-05-06 04:07:59+05:30,5080,417,56.0,34.2,81.0,3480.0,3862.0,50.0,,,,
2024-05-06 04:09:21+05:30,5081,412,56.0,34.2,82.0,3235.0,3360.0,52.0,,,,
2024-05-06 04:10:03+05:30,5082,409,55.0,34.4,82.0,3250.0,3394.0,58.0,,,,
2024-05-06 04:10:45+05:30,5083,413,56.0,34.7,84.0,3338.0,3576.0,64.0,,,,
2024-05-06 04:12:07+05:30,5084,414,56.0,34.7,85.0,3322.0,3542.0,60.0,,,,
2024-05-06 04:12:48+05:30,5085,414,56.0,34.7,85.0,3373.0,3658.0,54.0,,,,
2024-05-06 04:14:10+05:30,5086,414,56.0,34.7,83.0,3392.0,3693.0,60.0,,,,
2024-05-06 04:14:51+05:30,5087,407,55.0,34.7,84.0,3232.0,3347.0,53.0,,,,
2024-05-06 04:16:13+05:30,5088,408,55.0,34.7,83.0,3303.0,3494.0,56.0,,,,
2024-05-06 04:16:55+05:30,5089,408,56.0,34.7,83.0,3322.0,3535.0,53.0,,,,
2024-05-06 04:18:16+05:30,5090,410,56.0,34.7,83.0,3409.0,3728.0,57.0,,,,
2024-05-06 04:18:58+05:30,5091,417,57.0,34.7,84.0,3370.0,3644.0,69.0,,,,
2024-05-06 04:20:19+05:30,5092,414,57.0,34.7,85.0,3389.0,3686.0,61.0,,,,
2024-05-06 04:21:01+05:30,5093,416,57.0,34.7,85.0,3348.0,3597.0,66.0,,,,
2024-05-06 04:22:22+05:30,5094,417,57.0,34.7,85.0,3450.0,3805.0,71.0,,,,
2024-05-06 04:23:04+05:30,5095,413,57.0,34.7,86.0,3364.0,3637.0,66.0,,,,
2024-05-06 04:23:45+05:30,5096,413,57.0,34.7,86.0,3364.0,3637.0,66.0,,,,
2024-05-06 04:25:07+05:30,5097,411,56.0,34.7,85.0,3383.0,3679.0,62.0,,,,
2024-05-06 04:25:48+05:30,5098,408,57.0,34.7,86.0,3223.0,3334.0,69.0,,,,
2024-05-06 04:27:10+05:30,5099,384,54.0,34.7,87.0,2775.0,2376.0,51.0,,,,
2024-05-06 04:27:52+05:30,5100,359,51.0,35.2,84.0,2537.0,1856.0,42.0,,,,
2024-05-06 04:29:14+05:30,5101,334,49.0,35.2,81.0,2218.0,1179.0,36.0,,,,
2024-05-06 04:29:55+05:30,5102,314,47.0,34.7,80.0,2076.0,872.0,35.0,,,,
2024-05-06 04:31:17+05:30,5103,299,45.0,34.7,78.0,1888.0,568.0,36.0,,,,
2024-05-06 04:31:58+05:30,5104,287,44.0,34.7,78.0,1837.0,498.0,35.0,,,,
2024-05-06 04:33:20+05:30,5105,276,43.0,34.7,78.0,1756.0,396.0,36.0,,,,
2024-05-06 04:34:02+05:30,5106,270,43.0,34.2,78.0,1692.0,331.0,38.0,,,,
2024-05-06 04:35:23+05:30,5107,264,42.0,34.2,77.0,1604.0,249.0,40.0,,,,
2024-05-06 04:36:05+05:30,5108,259,41.0,34.2,77.0,1547.0,204.0,40.0,,,,
2024-05-06 04:37:27+05:30,5109,259,41.0,34.2,77.0,1556.0,211.0,38.0,,,,
2024-05-06 04:38:08+05:30,5110,257,41.0,34.2,77.0,1552.0,208.0,38.0,,,,
2024-05-06 04:38:50+05:30,5111,255,41.0,34.2,77.0,1511.0,178.0,39.0,,,,
2024-05-06 04:40:12+05:30,5112,253,40.0,34.2,77.0,1502.0,173.0,39.0,,,,
2024-05-06 04:40:54+05:30,5113,249,40.0,34.2,77.0,1445.0,159.0,38.0,,,,
2024-05-06 04:42:15+05:30,5114,245,40.0,34.2,77.0,1345.0,143.0,40.0,,,,
2024-05-06 04:42:56+05:30,5115,248,40.0,34.2,77.0,1496.0,169.0,39.0,,,,
2024-05-06 04:44:18+05:30,5116,245,40.0,34.2,77.0,1178.0,118.0,39.0,,,,
2024-05-06 04:44:59+05:30,5117,240,40.0,34.2,77.0,1050.0,99.0,39.0,,,,
2024-05-06 04:46:21+05:30,5118,234,39.0,34.2,77.0,874.0,72.0,41.0,,,,
2024-05-06 04:47:02+05:30,5119,229,39.0,34.2,76.0,863.0,70.0,40.0,,,,
2024-05-06 04:48:24+05:30,5120,224,38.0,34.2,76.0,715.0,47.0,40.0,,,,
2024-05-06 04:49:06+05:30,5121,221,38.0,34.2,76.0,785.0,58.0,40.0,,,,
2024-05-06 04:50:28+05:30,5122,220,38.0,34.2,76.0,778.0,57.0,39.0,,,,
2024-05-06 04:51:09+05:30,5123,217,38.0,34.2,76.0,679.0,42.0,38.0,,,,
2024-05-06 04:51:51+05:30,5124,213,38.0,34.2,76.0,618.0,33.0,38.0,,,,
2024-05-06 04:53:13+05:30,5125,212,38.0,33.8,76.0,733.0,50.0,38.0,,,,
2024-05-06 04:53:54+05:30,5126,211,38.0,33.8,77.0,672.0,41.0,36.0,,,,
2024-05-06 04:55:17+05:30,5127,211,38.0,33.8,77.0,637.0,36.0,37.0,,,,
2024-05-06 04:55:58+05:30,5128,210,38.0,33.8,77.0,586.0,28.0,35.0,,,,
2024-05-06 04:57:20+05:30,5129,209,37.0,33.8,77.0,646.0,37.0,34.0,,,,
2024-05-06 04:58:01+05:30,5130,210,38.0,33.8,78.0,665.0,40.0,35.0,,,,
2024-05-06 04:59:23+05:30,5131,211,37.0,33.8,78.0,671.0,41.0,35.0,,,,
2024-05-06 05:00:04+05:30,5132,212,38.0,33.8,78.0,637.0,36.0,35.0,,,,
2024-05-06 05:01:27+05:30,5133,212,38.0,33.8,78.0,671.0,41.0,37.0,,,,
2024-05-06 05:02:09+05:30,5134,212,37.0,33.8,78.0,710.0,47.0,38.0,,,,
2024-05-06 05:02:51+05:30,5135,211,37.0,33.8,78.0,637.0,36.0,39.0,,,,
2024-05-06 05:04:13+05:30,5136,210,37.0,33.8,78.0,690.0,44.0,38.0,,,,
2024-05-06 05:04:55+05:30,5137,210,37.0,33.8,78.0,637.0,36.0,39.0,,,,
2024-05-06 05:06:16+05:30,5138,208,37.0,33.8,78.0,539.0,21.0,39.0,,,,
2024-05-06 05:06:58+05:30,5139,204,37.0,33.8,77.0,570.0,25.0,38.0,,,,
2024-05-06 05:08:20+05:30,5140,201,37.0,33.8,77.0,539.0,21.0,39.0,,,,
2024-05-06 05:09:02+05:30,5141,199,37.0,33.8,76.0,501.0,15.0,40.0,,,,
2024-05-06 05:10:23+05:30,5142,196,37.0,33.8,76.0,570.0,25.0,40.0,,,,
2024-05-06 05:11:04+05:30,5143,195,37.0,33.8,76.0,534.0,20.0,40.0,,,,
2024-05-06 05:12:26+05:30,5144,193,37.0,33.8,76.0,482.0,12.0,40.0,,,,
2024-05-06 05:13:07+05:30,5145,192,36.0,33.8,76.0,530.0,19.0,40.0,,,,
2024-05-06 05:14:29+05:30,5146,191,36.0,33.8,76.0,545.0,22.0,40.0,,,,
2024-05-06 05:15:11+05:30,5147,191,36.0,33.8,76.0,575.0,26.0,40.0,,,,
2024-05-06 05:15:52+05:30,5148,190,36.0,33.8,77.0,591.0,29.0,39.0,,,,
2024-05-06 05:17:14+05:30,5149,190,36.0,33.8,77.0,556.0,23.0,37.0,,,,
2024-05-06 05:17:55+05:30,5150,190,36.0,33.8,77.0,545.0,22.0,37.0,,,,
2024-05-06 05:19:17+05:30,5151,188,36.0,33.8,78.0,570.0,25.0,36.0,,,,
2024-05-06 05:19:58+05:30,5152,188,36.0,33.8,78.0,488.0,13.0,36.0,,,,
2024-05-06 05:21:20+05:30,5153,189,36.0,33.8,78.0,618.0,33.0,37.0,,,,
2024-05-06 05:22:01+05:30,5154,189,36.0,33.8,78.0,602.0,30.0,36.0,,,,
2024-05-06 05:23:23+05:30,5155,190,36.0,33.6,78.0,641.0,36.0,36.0,,,,
2024-05-06 05:24:04+05:30,5156,190,36.0,33.8,78.0,618.0,33.0,37.0,,,,
2024-05-06 05:25:26+05:30,5157,189,36.0,33.3,78.0,586.0,28.0,35.0,,,,
2024-05-06 05:26:08+05:30,5158,189,36.0,33.3,79.0,575.0,26.0,36.0,,,,
2024-05-06 05:27:29+05:30,5159,188,36.0,33.3,79.0,549.0,22.0,37.0,,,,
2024-05-06 05:28:10+05:30,5160,187,36.0,33.3,80.0,586.0,28.0,37.0,,,,
2024-05-06 05:28:52+05:30,5161,187,36.0,33.3,80.0,570.0,25.0,36.0,,,,
2024-05-06 05:30:14+05:30,5162,187,36.0,33.3,80.0,520.0,18.0,37.0,,,,
2024-05-06 05:30:55+05:30,5163,186,36.0,33.3,79.0,561.0,24.0,36.0,,,,
2024-05-06 05:32:17+05:30,5164,186,36.0,33.3,79.0,588.0,28.0,37.0,,,,
2024-05-06 05:32:59+05:30,5165,186,36.0,33.3,79.0,588.0,28.0,37.0,,,,
2024-05-06 05:34:20+05:30,5166,186,36.0,33.3,79.0,552.0,23.0,37.0,,,,
2024-05-06 05:35:02+05:30,5167,185,36.0,33.3,78.0,553.0,23.0,36.0,,,,
2024-05-06 05:36:24+05:30,5168,185,36.0,33.3,78.0,592.0,29.0,36.0,,,,
2024-05-06 05:37:05+05:30,5169,185,36.0,33.3,78.0,555.0,23.0,38.0,,,,
2024-05-06 05:38:27+05:30,5170,184,36.0,33.3,78.0,543.0,21.0,37.0,,,,
2024-05-06 05:39:08+05:30,5171,184,36.0,33.3,78.0,526.0,19.0,39.0,,,,
2024-05-06 05:40:30+05:30,5172,184,36.0,33.3,78.0,552.0,23.0,36.0,,,,
2024-05-06 05:41:11+05:30,5173,183,36.0,33.3,79.0,540.0,21.0,37.0,,,,
2024-05-06 05:41:53+05:30,5174,182,36.0,33.3,79.0,561.0,24.0,38.0,,,,
2024-05-06 05:43:15+05:30,5175,182,36.0,33.3,79.0,555.0,23.0,38.0,,,,
2024-05-06 05:43:56+05:30,5176,181,36.0,33.3,79.0,556.0,23.0,39.0,,,,
2024-05-06 05:45:17+05:30,5177,181,36.0,33.3,80.0,570.0,25.0,39.0,,,,
2024-05-06 05:45:59+05:30,5178,180,36.0,33.3,80.0,577.0,26.0,45.0,,,,
2024-05-06 05:47:21+05:30,5179,181,36.0,33.3,81.0,581.0,27.0,42.0,,,,
2024-05-06 05:48:02+05:30,5180,181,36.0,33.3,81.0,584.0,28.0,42.0,,,,
2024-05-06 05:49:24+05:30,5181,180,36.0,33.3,81.0,567.0,25.0,39.0,,,,
2024-05-06 05:50:05+05:30,5182,180,36.0,33.3,80.0,561.0,24.0,41.0,,,,
2024-05-06 05:51:26+05:30,5183,180,36.0,32.8,81.0,578.0,27.0,40.0,,,,
2024-05-06 05:52:07+05:30,5184,180,36.0,32.8,82.0,548.0,22.0,40.0,,,,
2024-05-06 05:53:29+05:30,5185,179,36.0,32.8,82.0,586.0,28.0,39.0,,,,
2024-05-06 05:54:10+05:30,5186,179,36.0,32.8,83.0,597.0,30.0,43.0,,,,
2024-05-06 05:55:32+05:30,5187,179,36.0,32.8,83.0,592.0,29.0,40.0,,,,
2024-05-06 05:56:13+05:30,5188,178,35.0,32.8,83.0,572.0,26.0,42.0,,,,
2024-05-06 05:56:55+05:30,5189,178,36.0,32.8,83.0,629.0,34.0,44.0,,,,
2024-05-06 05:58:17+05:30,5190,179,36.0,32.8,83.0,656.0,39.0,45.0,,,,
2024-05-06 05:58:58+05:30,5191,180,36.0,32.8,83.0,629.0,34.0,46.0,,,,
2024-05-06 06:00:20+05:30,5192,179,36.0,32.8,83.0,629.0,34.0,45.0,,,,
2024-05-06 06:01:01+05:30,5193,180,36.0,32.8,83.0,629.0,34.0,41.0,,,,
2024-05-06 06:02:23+05:30,5194,180,36.0,32.8,82.0,627.0,34.0,41.0,,,,
2024-05-06 06:03:04+05:30,5195,180,36.0,32.8,82.0,641.0,36.0,42.0,,,,
2024-05-06 06:04:26+05:30,5196,181,36.0,32.8,82.0,660.0,39.0,42.0,,,,
2024-05-06 06:05:07+05:30,5197,182,36.0,32.8,82.0,641.0,36.0,42.0,,,,
2024-05-06 06:06:29+05:30,5198,183,36.0,32.8,82.0,657.0,39.0,40.0,,,,
2024-05-06 06:07:10+05:30,5199,183,36.0,32.8,82.0,666.0,40.0,42.0,,,,
2024-05-06 06:08:33+05:30,5200,183,36.0,32.8,82.0,675.0,41.0,40.0,,,,
2024-05-06 06:09:14+05:30,5201,184,36.0,32.8,81.0,665.0,40.0,40.0,,,,
2024-05-06 06:09:56+05:30,5202,184,36.0,32.8,81.0,666.0,40.0,40.0,,,,
2024-05-06 06:11:19+05:30,5203,184,36.0,32.8,81.0,665.0,40.0,40.0,,,,
2024-05-06 06:12:00+05:30,5204,184,36.0,32.8,81.0,652.0,38.0,40.0,,,,
2024-05-06 06:13:22+05:30,5205,184,36.0,32.8,80.0,665.0,40.0,38.0,,,,
2024-05-06 06:14:04+05:30,5206,184,36.0,32.8,80.0,666.0,40.0,39.0,,,,
2024-05-06 06:15:25+05:30,5207,184,36.0,32.8,80.0,656.0,39.0,38.0,,,,
2024-05-06 06:16:07+05:30,5208,185,36.0,32.8,80.0,717.0,48.0,38.0,,,,
2024-05-06 06:17:29+05:30,5209,185,36.0,32.8,80.0,694.0,44.0,38.0,,,,
2024-05-06 06:18:10+05:30,5210,185,36.0,32.8,80.0,686.0,43.0,37.0,,,,
2024-05-06 06:19:32+05:30,5211,187,36.0,32.8,81.0,717.0,48.0,38.0,,,,
2024-05-06 06:20:13+05:30,5212,187,36.0,32.8,81.0,726.0,49.0,40.0,,,,
2024-05-06 06:21:35+05:30,5213,187,36.0,32.8,81.0,671.0,41.0,42.0,,,,
2024-05-06 06:22:16+05:30,5214,186,36.0,32.8,81.0,657.0,39.0,43.0,,,,
2024-05-06 06:22:58+05:30,5215,185,36.0,32.8,81.0,565.0,25.0,40.0,,,,
2024-05-06 06:24:19+05:30,5216,184,36.0,32.8,81.0,650.0,38.0,42.0,,,,
2024-05-06 06:25:01+05:30,5217,184,36.0,33.3,80.0,643.0,37.0,40.0,,,,
2024-05-06 06:26:23+05:30,5218,184,36.0,33.3,80.0,650.0,38.0,39.0,,,,
2024-05-06 06:27:05+05:30,5219,183,36.0,33.3,80.0,645.0,37.0,42.0,,,,
2024-05-06 06:28:27+05:30,5220,183,36.0,33.3,80.0,643.0,37.0,40.0,,,,
2024-05-06 06:29:08+05:30,5221,183,36.0,33.3,80.0,631.0,35.0,40.0,,,,
2024-05-06 06:30:30+05:30,5222,182,36.0,33.3,80.0,620.0,33.0,40.0,,,,
2024-05-06 06:31:11+05:30,5223,183,36.0,33.3,79.0,631.0,35.0,40.0,,,,
2024-05-06 06:32:33+05:30,5224,183,36.0,33.3,79.0,617.0,33.0,40.0,,,,
2024-05-06 06:33:15+05:30,5225,182,36.0,33.3,79.0,614.0,32.0,38.0,,,,
2024-05-06 06:34:37+05:30,5226,182,36.0,33.3,79.0,614.0,32.0,38.0,,,,
2024-05-06 06:35:19+05:30,5227,182,36.0,33.3,79.0,653.0,38.0,37.0,,,,
2024-05-06 06:36:01+05:30,5228,182,36.0,33.3,78.0,660.0,39.0,37.0,,,,
2024-05-06 06:37:23+05:30,5229,183,36.0,33.3,78.0,692.0,44.0,37.0,,,,
2024-05-06 06:38:04+05:30,5230,184,36.0,33.3,79.0,612.0,32.0,37.0,,,,
2024-05-06 06:39:25+05:30,5231,185,36.0,33.3,79.0,744.0,52.0,38.0,,,,
2024-05-06 06:40:07+05:30,5232,186,36.0,33.3,80.0,770.0,56.0,40.0,,,,
2024-05-06 06:41:28+05:30,5233,186,36.0,33.3,80.0,752.0,53.0,41.0,,,,
2024-05-06 06:42:10+05:30,5234,186,36.0,33.3,81.0,740.0,51.0,42.0,,,,
2024-05-06 06:43:32+05:30,5235,186,36.0,33.3,81.0,656.0,39.0,44.0,,,,
2024-05-06 06:44:13+05:30,5236,187,36.0,33.3,82.0,748.0,53.0,43.0,,,,
2024-05-06 06:45:35+05:30,5237,187,36.0,33.3,82.0,688.0,43.0,43.0,,,,
2024-05-06 06:46:16+05:30,5238,186,36.0,33.3,82.0,740.0,51.0,41.0,,,,
2024-05-06 06:47:38+05:30,5239,186,36.0,33.3,82.0,692.0,44.0,41.0,,,,
2024-05-06 06:48:19+05:30,5240,186,36.0,33.3,81.0,679.0,42.0,43.0,,,,
2024-05-06 06:49:01+05:30,5241,187,36.0,33.3,81.0,692.0,44.0,44.0,,,,
2024-05-06 06:50:23+05:30,5242,186,36.0,33.3,82.0,708.0,46.0,45.0,,,,
2024-05-06 06:51:04+05:30,5243,187,36.0,33.3,82.0,678.0,42.0,44.0,,,,
2024-05-06 06:52:26+05:30,5244,188,36.0,33.3,82.0,776.0,57.0,46.0,,,,
2024-05-06 06:53:07+05:30,5245,188,36.0,33.3,82.0,825.0,64.0,43.0,,,,
2024-05-06 06:54:29+05:30,5246,189,36.0,33.3,82.0,761.0,54.0,42.0,,,,
2024-05-06 06:55:11+05:30,5247,189,36.0,33.3,82.0,780.0,57.0,42.0,,,,
2024-05-06 06:56:33+05:30,5248,189,36.0,33.3,81.0,770.0,56.0,44.0,,,,
2024-05-06 06:57:14+05:30,5249,190,36.0,33.3,81.0,804.0,61.0,43.0,,,,
2024-05-06 06:58:36+05:30,5250,189,36.0,33.3,81.0,844.0,67.0,44.0,,,,
2024-05-06 06:59:17+05:30,5251,190,36.0,33.3,82.0,853.0,69.0,45.0,,,,
2024-05-06 07:00:39+05:30,5252,191,36.0,33.3,81.0,1060.0,100.0,41.0,,,,
2024-05-06 07:01:20+05:30,5253,194,36.0,33.3,82.0,1029.0,95.0,43.0,,,,
2024-05-06 07:02:02+05:30,5254,194,36.0,33.3,82.0,1060.0,100.0,44.0,,,,
2024-05-06 07:03:24+05:30,5255,197,36.0,33.3,81.0,1113.0,108.0,44.0,,,,
2024-05-06 07:04:05+05:30,5256,197,36.0,33.3,81.0,1107.0,107.0,43.0,,,,
2024-05-06 07:05:27+05:30,5257,197,36.0,33.3,81.0,1019.0,94.0,42.0,,,,
2024-05-06 07:06:09+05:30,5258,197,36.0,33.3,81.0,1056.0,99.0,42.0,,,,
2024-05-06 07:07:30+05:30,5259,198,36.0,33.3,81.0,1004.0,92.0,42.0,,,,
2024-05-06 07:08:12+05:30,5260,199,36.0,33.3,81.0,1220.0,124.0,40.0,,,,
2024-05-06 07:09:34+05:30,5261,200,37.0,33.3,81.0,1065.0,101.0,41.0,,,,
2024-05-06 07:10:15+05:30,5262,199,36.0,33.3,81.0,1137.0,112.0,42.0,,,,
2024-05-06 07:11:37+05:30,5263,200,37.0,33.3,81.0,1204.0,122.0,42.0,,,,
2024-05-06 07:12:18+05:30,5264,203,36.0,33.8,81.0,942.0,82.0,44.0,,,,
2024-05-06 07:13:40+05:30,5265,204,37.0,33.5,81.0,1137.0,112.0,44.0,,,,
2024-05-06 07:14:22+05:30,5266,204,37.0,33.3,82.0,1220.0,124.0,47.0,,,,
2024-05-06 07:15:03+05:30,5267,207,37.0,33.3,82.0,1408.0,153.0,45.0,,,,
2024-05-06 07:16:25+05:30,5268,210,37.0,33.3,82.0,1508.0,177.0,48.0,,,,
2024-05-06 07:17:06+05:30,5269,211,37.0,33.3,82.0,1508.0,177.0,46.0,,,,
2024-05-06 07:18:28+05:30,5270,210,37.0,33.3,82.0,1508.0,177.0,46.0,,,,
2024-05-06 07:19:09+05:30,5271,209,37.0,33.3,82.0,1248.0,129.0,46.0,,,,
2024-05-06 07:20:31+05:30,5272,206,37.0,33.3,82.0,1125.0,110.0,42.0,,,,
2024-05-06 07:21:12+05:30,5273,204,37.0,33.8,82.0,1009.0,92.0,40.0,,,,
2024-05-06 07:22:34+05:30,5274,205,37.0,33.3,80.0,1238.0,127.0,38.0,,,,
2024-05-06 07:23:15+05:30,5275,205,36.0,33.8,79.0,1156.0,115.0,38.0,,,,
2024-05-06 07:24:37+05:30,5276,203,37.0,33.8,78.0,1201.0,122.0,39.0,,,,
2024-05-06 07:25:19+05:30,5277,204,37.0,33.8,78.0,1207.0,122.0,38.0,,,,
2024-05-06 07:26:40+05:30,5278,204,37.0,33.8,78.0,1505.0,175.0,40.0,,,,
2024-05-06 07:27:23+05:30,5279,208,37.0,33.8,78.0,1505.0,175.0,40.0,,,,
2024-05-06 07:28:04+05:30,5280,215,37.0,33.8,77.0,1575.0,226.0,41.0,,,,
2024-05-06 07:29:26+05:30,5281,219,37.0,33.8,77.0,1579.0,228.0,42.0,,,,
2024-05-06 07:30:08+05:30,5282,220,37.0,33.8,76.0,1582.0,230.0,43.0,,,,
2024-05-06 07:31:29+05:30,5283,219,37.0,33.8,76.0,1540.0,199.0,43.0,,,,
2024-05-06 07:32:11+05:30,5284,218,37.0,33.8,76.0,1559.0,214.0,44.0,,,,
2024-05-06 07:33:32+05:30,5285,218,37.0,33.8,75.0,1572.0,224.0,45.0,,,,
2024-05-06 07:34:16+05:30,5286,218,37.0,33.8,75.0,1559.0,212.0,45.0,,,,
2024-05-06 07:35:38+05:30,5287,216,37.0,33.8,74.0,1511.0,178.0,44.0,,,,
2024-05-06 07:36:19+05:30,5288,214,37.0,33.8,74.0,1502.0,173.0,45.0,,,,
2024-05-06 07:37:41+05:30,5289,213,37.0,33.8,74.0,1534.0,195.0,45.0,,,,
2024-05-06 07:38:22+05:30,5290,214,37.0,33.8,74.0,1575.0,226.0,47.0,,,,
2024-05-06 07:39:43+05:30,5291,218,37.0,33.8,74.0,1659.0,297.0,46.0,,,,
2024-05-06 07:40:25+05:30,5292,225,38.0,33.8,73.0,1683.0,322.0,48.0,,,,
2024-05-06 07:41:06+05:30,5293,234,38.0,34.2,73.0,1738.0,374.0,46.0,,,,
2024-05-06 07:42:28+05:30,5294,235,38.0,34.2,73.0,1685.0,323.0,46.0,,,,
2024-05-06 07:43:09+05:30,5295,233,38.0,34.2,74.0,1682.0,321.0,46.0,,,,
2024-05-06 07:44:31+05:30,5296,231,38.0,34.2,74.0,1644.0,285.0,46.0,,,,
2024-05-06 07:45:13+05:30,5297,229,38.0,34.2,74.0,1592.0,238.0,45.0,,,,
2024-05-06 07:46:34+05:30,5298,227,38.0,34.2,74.0,1588.0,235.0,46.0,,,,
2024-05-06 07:47:16+05:30,5299,227,38.0,34.2,74.0,1660.0,298.0,46.0,,,,
2024-05-06 07:48:38+05:30,5300,228,38.0,34.2,74.0,1603.0,248.0,46.0,,,,
2024-05-06 07:49:19+05:30,5301,225,37.0,34.2,74.0,1569.0,221.0,45.0,,,,
2024-05-06 07:50:41+05:30,5302,221,38.0,34.2,74.0,1547.0,205.0,45.0,,,,
2024-05-06 07:51:22+05:30,5303,219,37.0,34.2,74.0,1519.0,184.0,46.0,,,,
2024-05-06 07:52:44+05:30,5304,220,37.0,34.2,74.0,1619.0,263.0,45.0,,,,
2024-05-06 07:53:26+05:30,5305,223,38.0,34.2,74.0,1585.0,232.0,46.0,,,,
2024-05-06 07:54:08+05:30,5306,221,37.0,34.2,74.0,1556.0,211.0,46.0,,,,
2024-05-06 07:55:30+05:30,5307,217,37.0,34.2,74.0,1497.0,170.0,45.0,,,,
2024-05-06 07:56:11+05:30,5308,213,37.0,34.2,74.0,1497.0,170.0,46.0,,,,
2024-05-06 07:57:33+05:30,5309,214,37.0,34.2,73.0,1586.0,233.0,46.0,,,,
2024-05-06 07:58:15+05:30,5310,218,37.0,34.2,73.0,1598.0,243.0,48.0,,,,
2024-05-06 07:59:37+05:30,5311,221,38.0,34.2,73.0,1645.0,286.0,48.0,,,,
2024-05-06 08:00:18+05:30,5312,224,38.0,34.2,72.0,1644.0,285.0,49.0,,,,
2024-05-06 08:01:40+05:30,5313,222,37.0,34.2,72.0,1535.0,196.0,47.0,,,,
2024-05-06 08:02:21+05:30,5314,218,37.0,34.2,72.0,1512.0,179.0,48.0,,,,
2024-05-06 08:03:44+05:30,5315,214,37.0,34.2,71.0,1597.0,242.0,48.0,,,,
2024-05-06 08:04:26+05:30,5316,218,37.0,34.2,71.0,1566.0,219.0,48.0,,,,
2024-05-06 08:05:08+05:30,5317,219,37.0,34.2,71.0,1582.0,230.0,48.0,,,,
2024-05-06 08:06:29+05:30,5318,217,37.0,34.2,70.0,1534.0,195.0,49.0,,,,
2024-05-06 08:07:11+05:30,5319,214,37.0,34.2,70.0,1547.0,204.0,48.0,,,,
2024-05-06 08:08:33+05:30,5320,212,37.0,34.2,70.0,1495.0,168.0,49.0,,,,
2024-05-06 08:09:15+05:30,5321,209,37.0,34.2,70.0,1494.0,168.0,48.0,,,,
2024-05-06 08:10:36+05:30,5322,208,37.0,34.2,70.0,1502.0,173.0,49.0,,,,
2024-05-06 08:11:18+05:30,5323,212,37.0,34.2,70.0,1556.0,210.0,47.0,,,,
2024-05-06 08:12:40+05:30,5324,219,37.0,34.2,70.0,1582.0,230.0,48.0,,,,
2024-05-06 08:13:22+05:30,5325,221,37.0,34.2,70.0,1615.0,259.0,47.0,,,,
2024-05-06 08:14:43+05:30,5326,227,37.0,34.2,70.0,1665.0,304.0,49.0,,,,
2024-05-06 08:15:26+05:30,5327,231,37.0,34.2,70.0,1598.0,244.0,48.0,,,,
2024-05-06 08:16:49+05:30,5328,226,37.0,34.7,70.0,1553.0,209.0,48.0,,,,
2024-05-06 08:17:31+05:30,5329,226,37.0,34.7,70.0,1594.0,239.0,49.0,,,,
2024-05-06 08:18:14+05:30,5330,243,38.0,34.3,70.0,1731.0,369.0,49.0,,,,
2024-05-06 08:20:24+05:30,5331,243,38.0,34.7,70.0,1703.0,341.0,49.0,,,,
2024-05-06 08:21:47+05:30,5332,245,39.0,34.7,70.0,1703.0,341.0,48.0,,,,
2024-05-06 08:22:30+05:30,5333,247,39.0,34.7,69.0,1782.0,429.0,48.0,,,,
2024-05-06 08:23:11+05:30,5334,256,39.0,34.7,69.0,1817.0,471.0,49.0,,,,
2024-05-06 08:24:32+05:30,5335,254,39.0,34.7,69.0,1782.0,429.0,48.0,,,,
2024-05-06 08:25:14+05:30,5336,260,39.0,34.7,69.0,1903.0,590.0,49.0,,,,
2024-05-06 08:26:35+05:30,5337,272,40.0,34.7,69.0,1852.0,518.0,49.0,,,,
2024-05-06 08:27:17+05:30,5338,260,39.0,34.7,69.0,1721.0,359.0,48.0,,,,
2024-05-06 08:28:39+05:30,5339,251,39.0,34.7,69.0,1761.0,404.0,48.0,,,,
2024-05-06 08:29:21+05:30,5340,253,39.0,34.7,69.0,1774.0,421.0,49.0,,,,
2024-05-06 08:30:43+05:30,5341,261,39.0,34.7,69.0,1870.0,543.0,48.0,,,,
2024-05-06 08:31:25+05:30,5342,264,40.0,34.7,68.0,1841.0,503.0,49.0,,,,
2024-05-06 08:32:47+05:30,5343,264,40.0,34.7,68.0,1698.0,336.0,48.0,,,,
2024-05-06 08:33:29+05:30,5344,252,39.0,34.7,68.0,1720.0,357.0,48.0,,,,
2024-05-06 08:34:11+05:30,5345,259,39.0,34.7,69.0,1838.0,499.0,49.0,,,,
2024-05-06 08:35:33+05:30,5346,272,40.0,34.7,68.0,2152.0,1035.0,48.0,,,,
2024-05-06 08:36:19+05:30,5347,294,41.0,34.7,68.0,2176.0,1084.0,49.0,,,,
2024-05-06 08:37:42+05:30,5348,280,41.0,34.7,68.0,1897.0,581.0,49.0,,,,
2024-05-06 08:38:23+05:30,5349,268,40.0,34.7,68.0,1857.0,526.0,48.0,,,,
2024-05-06 08:39:45+05:30,5350,262,40.0,34.7,68.0,1910.0,599.0,48.0,,,,
2024-05-06 08:40:26+05:30,5351,260,40.0,34.7,68.0,1798.0,446.0,47.0,,,,
2024-05-06 08:41:48+05:30,5352,255,39.0,34.7,68.0,1680.0,319.0,47.0,,,,
2024-05-06 08:42:30+05:30,5353,256,39.0,34.7,68.0,1898.0,582.0,47.0,,,,
2024-05-06 08:50:31+05:30,5354,400,50.0,35.6,67.0,2963.0,2768.0,50.0,,,,
